bod,wl,abs
1,190,0.337
1,191,0.356
1,192,0.06
1,193,-0.334
1,194,-0.369
1,195,-0.287
1,196,0.074
1,197,0.044
1,198,-0.181
1,199,-0.346
1,200,-0.443
1,201,-0.518
1,202,-0.563
1,203,-0.463
1,204,-0.099
1,205,-0.262
1,206,-0.517
1,207,-0.353
1,208,0.058
1,209,0.371
1,210,0.385
1,211,0.105
1,212,-0.162
1,213,-0.183
1,214,-0.014
1,215,0.392
1,216,0.481
1,217,0.317
1,218,0.165
1,219,0.155
1,220,0.215
1,221,0.216
1,222,0.239
1,223,0.222
1,224,0.232
1,225,0.24
1,226,0.24
1,227,0.241
1,228,0.243
1,229,0.241
1,230,0.237
1,231,0.233
1,232,0.228
1,233,0.223
1,234,0.219
1,235,0.216
1,236,0.212
1,237,0.208
1,238,0.204
1,239,0.201
1,240,0.197
1,241,0.195
1,242,0.194
1,243,0.192
1,244,0.19
1,245,0.186
1,246,0.186
1,247,0.186
1,248,0.185
1,249,0.183
1,250,0.18
1,251,0.179
1,252,0.178
1,253,0.173
1,254,0.171
1,255,0.169
1,256,0.169
1,257,0.168
1,258,0.168
1,259,0.169
1,260,0.168
1,261,0.166
1,262,0.164
1,263,0.162
1,264,0.161
1,265,0.158
1,266,0.157
1,267,0.156
1,268,0.153
1,269,0.152
1,270,0.151
1,271,0.151
1,272,0.15
1,273,0.148
1,274,0.146
1,275,0.145
1,276,0.142
1,277,0.14
1,278,0.138
1,279,0.137
1,280,0.135
1,281,0.133
1,282,0.131
1,283,0.129
1,284,0.127
1,285,0.125
1,286,0.123
1,287,0.122
1,288,0.121
1,289,0.119
1,290,0.116
1,291,0.113
1,292,0.112
1,293,0.111
1,294,0.11
1,295,0.108
1,296,0.106
1,297,0.105
1,298,0.103
1,299,0.101
1,300,0.099
1,301,0.097
1,302,0.096
1,303,0.095
1,304,0.095
1,305,0.094
1,306,0.092
1,307,0.089
1,308,0.088
1,309,0.087
1,310,0.086
1,311,0.084
1,312,0.082
1,313,0.081
1,314,0.08
1,315,0.08
1,316,0.079
1,317,0.077
1,318,0.076
1,319,0.075
1,320,0.073
1,321,0.073
1,322,0.072
1,323,0.071
1,324,0.07
1,325,0.068
1,326,0.068
1,327,0.067
1,328,0.066
1,329,0.065
1,330,0.063
1,331,0.062
1,332,0.061
1,333,0.061
1,334,0.06
1,335,0.059
1,336,0.057
1,337,0.056
1,338,0.056
1,339,0.056
1,340,0.056
1,341,0.055
1,342,0.054
1,343,0.052
1,344,0.051
1,345,0.051
1,346,0.05
1,347,0.05
1,348,0.049
1,349,0.049
1,350,0.048
1,351,0.047
1,352,0.045
1,353,0.044
1,354,0.044
1,355,0.043
1,356,0.044
1,357,0.043
1,358,0.042
1,359,0.042
1,360,0.041
1,361,0.041
1,362,0.04
1,363,0.039
1,364,0.039
1,365,0.038
1,366,0.039
1,367,0.038
1,368,0.038
1,369,0.036
1,370,0.035
1,371,0.036
1,372,0.036
1,373,0.035
1,374,0.035
1,375,0.034
1,376,0.034
1,377,0.033
1,378,0.031
1,379,0.031
1,380,0.03
1,381,0.03
1,382,0.029
1,383,0.029
1,384,0.029
1,385,0.027
1,386,0.028
1,387,0.029
1,388,0.029
1,389,0.028
1,390,0.027
1,391,0.028
1,392,0.028
1,393,0.027
1,394,0.026
1,395,0.026
1,396,0.025
1,397,0.024
1,398,0.022
1,399,0.022
1,400,0.021
1,401,0.021
1,402,0.022
1,403,0.022
1,404,0.023
1,405,0.022
1,406,0.022
1,407,0.023
1,408,0.021
1,409,0.021
1,410,0.02
1,411,0.02
1,412,0.02
1,413,0.019
1,414,0.02
1,415,0.02
1,416,0.02
1,417,0.019
1,418,0.019
1,419,0.019
1,420,0.019
1,421,0.018
1,422,0.017
1,423,0.017
1,424,0.017
1,425,0.017
1,426,0.016
1,427,0.016
1,428,0.016
1,429,0.016
1,430,0.016
1,431,0.016
1,432,0.016
1,433,0.016
1,434,0.015
1,435,0.015
1,436,0.015
1,437,0.015
1,438,0.015
1,439,0.015
1,440,0.015
1,441,0.015
1,442,0.014
1,443,0.013
1,444,0.013
1,445,0.014
1,446,0.014
1,447,0.013
1,448,0.013
1,449,0.013
1,450,0.013
1,451,0.012
1,452,0.013
1,453,0.013
1,454,0.012
1,455,0.011
1,456,0.011
1,457,0.011
1,458,0.011
1,459,0.011
1,460,0.01
1,461,0.011
1,462,0.01
1,463,0.01
1,464,0.01
1,465,0.011
1,466,0.011
1,467,0.01
1,468,0.01
1,469,0.009
1,470,0.009
1,471,0.009
1,472,0.01
1,473,0.009
1,474,0.009
1,475,0.009
1,476,0.008
1,477,0.009
1,478,0.009
1,479,0.009
1,480,0.008
1,481,0.008
1,482,0.008
1,483,0.008
1,484,0.009
1,485,0.009
1,486,0.008
1,487,0.008
1,488,0.008
1,489,0.008
1,490,0.008
1,491,0.007
1,492,0.008
1,493,0.008
1,494,0.008
1,495,0.007
1,496,0.006
1,497,0.006
1,498,0.007
1,499,0.008
1,500,0.007
1,501,0.007
1,502,0.007
1,503,0.007
1,504,0.006
1,505,0.006
1,506,0.005
1,507,0.006
1,508,0.006
1,509,0.006
1,510,0.006
1,511,0.006
1,512,0.006
1,513,0.007
1,514,0.006
1,515,0.005
1,516,0.004
1,517,0.005
1,518,0.006
1,519,0.006
1,520,0.005
1,521,0.005
1,522,0.004
1,523,0.004
1,524,0.005
1,525,0.005
1,526,0.005
1,527,0.004
1,528,0.005
1,529,0.005
1,530,0.005
1,531,0.005
1,532,0.005
1,533,0.005
1,534,0.005
1,535,0.004
1,536,0.004
1,537,0.004
1,538,0.004
1,539,0.004
1,540,0.004
1,541,0.004
1,542,0.003
1,543,0.003
1,544,0.003
1,545,0.004
1,546,0.004
1,547,0.003
1,548,0.003
1,549,0.003
1,550,0.003
1,551,0.003
1,552,0.003
1,553,0.003
1,554,0.003
1,555,0.002
1,556,0.003
1,557,0.003
1,558,0.003
1,559,0.003
1,560,0.003
1,561,0.002
1,562,0.002
1,563,0.002
1,564,0.003
1,565,0.002
1,566,0.002
1,567,0.001
1,568,0.001
1,569,0
1,570,0.002
1,571,0.002
1,572,0.003
1,573,0.002
1,574,0.001
1,575,0
1,576,0.001
1,577,0.001
1,578,0.001
1,579,0.002
1,580,0.001
1,581,0.001
1,582,0
1,583,0.001
1,584,0.002
1,585,0.001
1,586,0.001
1,587,0.002
1,588,0.003
1,589,0.003
1,590,0.001
1,591,0.001
1,592,0.001
1,593,0.001
1,594,0.002
1,595,0
1,596,0.001
1,597,0.001
1,598,0.001
1,599,0.001
1,600,0
1,601,0
1,602,0.001
1,603,0.001
1,604,0.002
1,605,0.001
1,606,0.001
1,607,0.001
1,608,0.002
1,609,0.002
1,610,0.001
1,611,0.001
1,612,0.002
1,613,0.002
1,614,0.002
1,615,0.002
1,616,0.001
1,617,0
1,618,0
1,619,0.001
1,620,0.001
1,621,0.001
1,622,0
1,623,0.001
1,624,0.001
1,625,0.002
1,626,0.001
1,627,0.001
1,628,0
1,629,0
1,630,0
1,631,0
1,632,0
1,633,0
1,634,0
1,635,0
1,636,0.001
1,637,0.001
1,638,0.001
1,639,0.001
1,640,0.002
1,641,0.002
1,642,0.001
1,643,0.001
1,644,0.001
1,645,0
1,646,-0.001
1,647,-0.002
1,648,-0.002
1,649,-0.002
1,650,-0.001
1,651,0
1,652,0
1,653,0
1,654,0
1,655,0.001
1,656,0
1,657,-0.001
1,658,0
1,659,0.001
1,660,0.001
1,661,0
1,662,-0.001
1,663,0
1,664,0
1,665,0
1,666,-0.001
1,667,-0.001
1,668,0
1,669,0
1,670,0
1,671,0.001
1,672,0
1,673,0
1,674,0.001
1,675,0.001
1,676,0
1,677,0
1,678,-0.001
1,679,0
1,680,-0.001
1,681,0.001
1,682,0
1,683,-0.002
1,684,-0.003
1,685,-0.002
1,686,-0.001
1,687,-0.002
1,688,-0.003
1,689,-0.001
1,690,0.001
1,691,0.001
1,692,0.001
1,693,0.001
1,694,0
1,695,-0.001
1,696,0
1,697,0
1,698,0.001
1,699,0
1,700,0
1,701,-0.001
1,702,-0.002
1,703,-0.001
1,704,-0.001
1,705,0
1,706,0.001
1,707,0.002
1,708,-0.001
1,709,-0.002
1,710,-0.002
1,711,0
1,712,0
1,713,0
1,714,-0.002
1,715,-0.002
1,716,-0.001
1,717,-0.001
1,718,-0.002
1,719,-0.001
1,720,0.001
1,721,0.001
1,722,-0.002
1,723,-0.002
1,724,-0.001
1,725,-0.001
1,726,-0.001
1,727,0.001
1,728,0.001
1,729,-0.001
1,730,-0.002
1,731,-0.001
1,732,-0.001
1,733,-0.001
1,734,-0.001
1,735,-0.001
1,736,0.001
1,737,0.003
1,738,0.002
1,739,-0.001
1,740,-0.001
1,741,-0.001
1,742,-0.003
1,743,-0.004
1,744,-0.002
1,745,-0.001
1,746,0
1,747,0
1,748,-0.001
1,749,-0.002
1,750,0
1,751,0
1,752,-0.001
1,753,-0.002
1,754,-0.003
1,755,-0.002
1,756,-0.002
1,757,-0.002
1,758,-0.002
1,759,0.001
1,760,0.001
1,761,0
1,762,-0.002
1,763,-0.002
1,764,-0.001
1,765,-0.003
1,766,-0.002
1,767,-0.001
1,768,0
1,769,-0.005
1,770,-0.005
1,771,-0.003
1,772,-0.001
1,773,-0.002
1,774,-0.004
1,775,-0.005
1,776,-0.001
1,777,0.001
1,778,-0.004
1,779,-0.007
1,780,-0.002
1,781,0.002
1,782,0
1,783,-0.002
1,784,-0.001
1,785,0.001
1,786,0.001
1,787,0.001
1,788,0.001
1,789,0.001
1,790,-0.001
1,791,-0.004
1,792,-0.004
1,793,0
1,794,0
1,795,-0.003
1,796,-0.005
1,797,-0.002
1,798,0
1,799,0.003
1,800,0.003
1,801,0
1,802,0.001
1,803,0.003
1,804,0.003
1,805,0.001
1,806,0.001
1,807,0.001
1,808,-0.001
1,809,-0.002
1,810,-0.003
1,811,-0.004
1,812,-0.002
1,813,0
1,814,-0.002
1,815,-0.001
1,816,-0.001
1,817,0.007
1,818,0.008
1,819,0.007
1,820,0
1,821,-0.002
1,822,-0.002
1,823,-0.002
1,824,-0.002
1,825,0
1,826,0.001
1,827,0.001
1,828,0.001
1,829,0.001
1,830,0.001
1,831,0.002
1,832,0
1,833,0.002
1,834,0.002
1,835,0.001
1,836,-0.003
1,837,0.001
1,838,-0.001
1,839,-0.007
1,840,-0.004
2,190,0.164
2,191,0.032
2,192,-0.35
2,193,-0.659
2,194,-0.613
2,195,-0.183
2,196,0.168
2,197,0.156
2,198,-0.046
2,199,-0.369
2,200,-0.419
2,201,-0.51
2,202,-0.51
2,203,-0.579
2,204,-0.161
2,205,-0.16
2,206,-0.401
2,207,-0.121
2,208,0.356
2,209,0.834
2,210,0.639
2,211,0.046
2,212,-0.3
2,213,-0.042
2,214,0.017
2,215,0.134
2,216,0.087
2,217,-0.022
2,218,0.106
2,219,0.167
2,220,0.262
2,221,0.253
2,222,0.237
2,223,0.239
2,224,0.244
2,225,0.255
2,226,0.255
2,227,0.249
2,228,0.253
2,229,0.25
2,230,0.246
2,231,0.24
2,232,0.232
2,233,0.227
2,234,0.225
2,235,0.224
2,236,0.222
2,237,0.216
2,238,0.211
2,239,0.208
2,240,0.202
2,241,0.2
2,242,0.2
2,243,0.198
2,244,0.196
2,245,0.193
2,246,0.193
2,247,0.193
2,248,0.19
2,249,0.187
2,250,0.183
2,251,0.182
2,252,0.18
2,253,0.178
2,254,0.176
2,255,0.174
2,256,0.173
2,257,0.172
2,258,0.172
2,259,0.173
2,260,0.172
2,261,0.171
2,262,0.169
2,263,0.166
2,264,0.164
2,265,0.162
2,266,0.161
2,267,0.159
2,268,0.158
2,269,0.156
2,270,0.155
2,271,0.155
2,272,0.154
2,273,0.152
2,274,0.15
2,275,0.148
2,276,0.146
2,277,0.144
2,278,0.143
2,279,0.142
2,280,0.14
2,281,0.138
2,282,0.135
2,283,0.133
2,284,0.131
2,285,0.129
2,286,0.127
2,287,0.125
2,288,0.123
2,289,0.122
2,290,0.119
2,291,0.117
2,292,0.115
2,293,0.113
2,294,0.112
2,295,0.11
2,296,0.108
2,297,0.107
2,298,0.105
2,299,0.103
2,300,0.1
2,301,0.099
2,302,0.097
2,303,0.096
2,304,0.095
2,305,0.094
2,306,0.093
2,307,0.091
2,308,0.089
2,309,0.089
2,310,0.088
2,311,0.086
2,312,0.084
2,313,0.083
2,314,0.082
2,315,0.081
2,316,0.081
2,317,0.079
2,318,0.078
2,319,0.075
2,320,0.073
2,321,0.073
2,322,0.073
2,323,0.072
2,324,0.071
2,325,0.069
2,326,0.069
2,327,0.067
2,328,0.065
2,329,0.064
2,330,0.063
2,331,0.062
2,332,0.062
2,333,0.061
2,334,0.061
2,335,0.059
2,336,0.058
2,337,0.057
2,338,0.056
2,339,0.056
2,340,0.056
2,341,0.055
2,342,0.054
2,343,0.053
2,344,0.052
2,345,0.051
2,346,0.05
2,347,0.05
2,348,0.049
2,349,0.048
2,350,0.047
2,351,0.046
2,352,0.045
2,353,0.044
2,354,0.044
2,355,0.044
2,356,0.044
2,357,0.044
2,358,0.043
2,359,0.042
2,360,0.04
2,361,0.041
2,362,0.04
2,363,0.039
2,364,0.038
2,365,0.037
2,366,0.038
2,367,0.037
2,368,0.037
2,369,0.036
2,370,0.035
2,371,0.035
2,372,0.035
2,373,0.034
2,374,0.034
2,375,0.032
2,376,0.032
2,377,0.032
2,378,0.031
2,379,0.03
2,380,0.029
2,381,0.029
2,382,0.029
2,383,0.029
2,384,0.028
2,385,0.027
2,386,0.028
2,387,0.029
2,388,0.027
2,389,0.026
2,390,0.025
2,391,0.026
2,392,0.026
2,393,0.026
2,394,0.026
2,395,0.026
2,396,0.025
2,397,0.023
2,398,0.022
2,399,0.021
2,400,0.02
2,401,0.02
2,402,0.021
2,403,0.021
2,404,0.022
2,405,0.021
2,406,0.021
2,407,0.021
2,408,0.02
2,409,0.02
2,410,0.02
2,411,0.019
2,412,0.019
2,413,0.018
2,414,0.019
2,415,0.02
2,416,0.019
2,417,0.019
2,418,0.018
2,419,0.018
2,420,0.017
2,421,0.016
2,422,0.016
2,423,0.016
2,424,0.016
2,425,0.016
2,426,0.016
2,427,0.015
2,428,0.015
2,429,0.015
2,430,0.015
2,431,0.016
2,432,0.015
2,433,0.015
2,434,0.015
2,435,0.014
2,436,0.014
2,437,0.014
2,438,0.014
2,439,0.014
2,440,0.014
2,441,0.014
2,442,0.013
2,443,0.012
2,444,0.013
2,445,0.013
2,446,0.013
2,447,0.012
2,448,0.011
2,449,0.012
2,450,0.012
2,451,0.012
2,452,0.012
2,453,0.012
2,454,0.011
2,455,0.01
2,456,0.01
2,457,0.011
2,458,0.011
2,459,0.01
2,460,0.009
2,461,0.009
2,462,0.009
2,463,0.009
2,464,0.009
2,465,0.009
2,466,0.01
2,467,0.009
2,468,0.009
2,469,0.008
2,470,0.009
2,471,0.008
2,472,0.009
2,473,0.008
2,474,0.008
2,475,0.008
2,476,0.007
2,477,0.008
2,478,0.008
2,479,0.008
2,480,0.008
2,481,0.007
2,482,0.008
2,483,0.008
2,484,0.008
2,485,0.008
2,486,0.008
2,487,0.008
2,488,0.007
2,489,0.007
2,490,0.007
2,491,0.007
2,492,0.006
2,493,0.007
2,494,0.007
2,495,0.006
2,496,0.006
2,497,0.006
2,498,0.007
2,499,0.007
2,500,0.006
2,501,0.006
2,502,0.006
2,503,0.006
2,504,0.006
2,505,0.006
2,506,0.005
2,507,0.005
2,508,0.005
2,509,0.005
2,510,0.005
2,511,0.004
2,512,0.005
2,513,0.005
2,514,0.005
2,515,0.004
2,516,0.004
2,517,0.004
2,518,0.005
2,519,0.004
2,520,0.004
2,521,0.004
2,522,0.003
2,523,0.003
2,524,0.003
2,525,0.004
2,526,0.004
2,527,0.004
2,528,0.004
2,529,0.005
2,530,0.005
2,531,0.005
2,532,0.005
2,533,0.004
2,534,0.003
2,535,0.004
2,536,0.004
2,537,0.004
2,538,0.003
2,539,0.003
2,540,0.003
2,541,0.003
2,542,0.002
2,543,0.002
2,544,0.003
2,545,0.003
2,546,0.003
2,547,0.002
2,548,0.002
2,549,0.003
2,550,0.002
2,551,0.001
2,552,0.001
2,553,0.002
2,554,0.003
2,555,0.003
2,556,0.003
2,557,0.003
2,558,0.002
2,559,0.002
2,560,0.002
2,561,0.002
2,562,0.002
2,563,0.002
2,564,0.003
2,565,0.001
2,566,0.001
2,567,-0.001
2,568,0
2,569,0.001
2,570,0.001
2,571,0.001
2,572,0.001
2,573,0.001
2,574,0.001
2,575,0.001
2,576,0
2,577,0
2,578,0.001
2,579,0.002
2,580,0.001
2,581,0
2,582,-0.001
2,583,0
2,584,0.001
2,585,0
2,586,0.001
2,587,0.001
2,588,0.003
2,589,0.003
2,590,0.001
2,591,0.001
2,592,0.001
2,593,0.002
2,594,0.001
2,595,0
2,596,0
2,597,0
2,598,0
2,599,0
2,600,0
2,601,0.001
2,602,0.001
2,603,0
2,604,0
2,605,0
2,606,0
2,607,0
2,608,0.001
2,609,0.001
2,610,0.001
2,611,0.001
2,612,0.001
2,613,0.001
2,614,0.001
2,615,0.001
2,616,0
2,617,0
2,618,-0.001
2,619,0
2,620,0
2,621,-0.001
2,622,0
2,623,0
2,624,0.001
2,625,0.001
2,626,0
2,627,0
2,628,-0.001
2,629,-0.002
2,630,-0.001
2,631,-0.001
2,632,-0.001
2,633,-0.001
2,634,-0.001
2,635,0
2,636,0
2,637,-0.001
2,638,-0.001
2,639,0.001
2,640,0.002
2,641,0.001
2,642,0
2,643,0
2,644,0
2,645,0
2,646,0
2,647,-0.001
2,648,-0.001
2,649,-0.001
2,650,-0.002
2,651,-0.002
2,652,-0.001
2,653,-0.001
2,654,-0.001
2,655,-0.001
2,656,0
2,657,-0.002
2,658,-0.002
2,659,-0.001
2,660,-0.001
2,661,-0.001
2,662,-0.001
2,663,-0.001
2,664,-0.001
2,665,-0.001
2,666,-0.001
2,667,-0.002
2,668,-0.002
2,669,-0.002
2,670,-0.002
2,671,-0.001
2,672,0
2,673,0
2,674,0
2,675,0
2,676,0
2,677,-0.001
2,678,-0.001
2,679,-0.001
2,680,-0.002
2,681,-0.001
2,682,-0.001
2,683,-0.002
2,684,-0.003
2,685,-0.001
2,686,0
2,687,-0.001
2,688,-0.003
2,689,-0.001
2,690,-0.001
2,691,-0.001
2,692,0
2,693,0
2,694,-0.001
2,695,-0.002
2,696,0
2,697,0.001
2,698,0.001
2,699,0
2,700,-0.001
2,701,-0.001
2,702,-0.002
2,703,-0.002
2,704,-0.001
2,705,0
2,706,0
2,707,0.001
2,708,0
2,709,-0.002
2,710,-0.001
2,711,0
2,712,0
2,713,0.001
2,714,-0.002
2,715,-0.003
2,716,-0.002
2,717,-0.001
2,718,-0.001
2,719,0.001
2,720,0
2,721,-0.001
2,722,-0.002
2,723,-0.002
2,724,-0.002
2,725,-0.002
2,726,-0.003
2,727,-0.001
2,728,-0.001
2,729,-0.001
2,730,-0.001
2,731,-0.001
2,732,-0.001
2,733,-0.001
2,734,-0.001
2,735,-0.001
2,736,-0.002
2,737,0
2,738,-0.001
2,739,-0.002
2,740,-0.001
2,741,0.001
2,742,-0.002
2,743,-0.004
2,744,-0.002
2,745,-0.001
2,746,0
2,747,-0.001
2,748,-0.001
2,749,-0.001
2,750,0
2,751,0
2,752,-0.001
2,753,-0.003
2,754,-0.005
2,755,-0.002
2,756,0.001
2,757,0
2,758,-0.002
2,759,0
2,760,-0.001
2,761,-0.003
2,762,-0.005
2,763,-0.004
2,764,-0.003
2,765,-0.003
2,766,-0.003
2,767,-0.001
2,768,-0.002
2,769,-0.005
2,770,-0.004
2,771,-0.002
2,772,-0.003
2,773,-0.005
2,774,-0.006
2,775,-0.004
2,776,0
2,777,0.001
2,778,-0.003
2,779,-0.003
2,780,-0.002
2,781,0.001
2,782,-0.001
2,783,-0.002
2,784,-0.003
2,785,0
2,786,0.003
2,787,0.004
2,788,0.002
2,789,0
2,790,-0.002
2,791,-0.007
2,792,-0.006
2,793,-0.002
2,794,0
2,795,0.001
2,796,0
2,797,0
2,798,-0.001
2,799,0.003
2,800,0.002
2,801,0.001
2,802,0
2,803,-0.001
2,804,-0.001
2,805,-0.001
2,806,-0.002
2,807,-0.003
2,808,-0.006
2,809,-0.007
2,810,-0.004
2,811,-0.001
2,812,-0.001
2,813,0.001
2,814,0
2,815,0.001
2,816,-0.002
2,817,0.001
2,818,0.004
2,819,0.004
2,820,-0.001
2,821,-0.004
2,822,-0.003
2,823,-0.002
2,824,-0.002
2,825,-0.001
2,826,-0.001
2,827,0
2,828,-0.002
2,829,0.001
2,830,0.001
2,831,0.002
2,832,0.002
2,833,0.004
2,834,0.004
2,835,-0.001
2,836,-0.001
2,837,0.004
2,838,0.002
2,839,-0.006
2,840,-0.002
3,190,0.421
3,191,0.441
3,192,-0.025
3,193,-0.22
3,194,-0.214
3,195,-0.035
3,196,0.315
3,197,0.194
3,198,0.051
3,199,-0.508
3,200,-0.764
3,201,-0.591
3,202,-0.395
3,203,-0.324
3,204,-0.184
3,205,-0.373
3,206,-0.611
3,207,-0.288
3,208,0.069
3,209,0.478
3,210,0.275
3,211,-0.054
3,212,-0.204
3,213,-0.083
3,214,-0.124
3,215,0.003
3,216,0.017
3,217,-0.038
3,218,0.144
3,219,0.242
3,220,0.298
3,221,0.266
3,222,0.267
3,223,0.277
3,224,0.282
3,225,0.296
3,226,0.29
3,227,0.282
3,228,0.286
3,229,0.284
3,230,0.283
3,231,0.277
3,232,0.269
3,233,0.262
3,234,0.259
3,235,0.255
3,236,0.251
3,237,0.246
3,238,0.243
3,239,0.24
3,240,0.234
3,241,0.232
3,242,0.23
3,243,0.23
3,244,0.227
3,245,0.223
3,246,0.223
3,247,0.224
3,248,0.221
3,249,0.218
3,250,0.214
3,251,0.213
3,252,0.21
3,253,0.207
3,254,0.203
3,255,0.201
3,256,0.2
3,257,0.2
3,258,0.2
3,259,0.2
3,260,0.2
3,261,0.197
3,262,0.194
3,263,0.192
3,264,0.191
3,265,0.189
3,266,0.188
3,267,0.185
3,268,0.183
3,269,0.182
3,270,0.181
3,271,0.18
3,272,0.179
3,273,0.177
3,274,0.176
3,275,0.173
3,276,0.17
3,277,0.168
3,278,0.166
3,279,0.165
3,280,0.163
3,281,0.161
3,282,0.158
3,283,0.156
3,284,0.154
3,285,0.152
3,286,0.149
3,287,0.147
3,288,0.145
3,289,0.144
3,290,0.141
3,291,0.138
3,292,0.136
3,293,0.135
3,294,0.134
3,295,0.132
3,296,0.129
3,297,0.128
3,298,0.126
3,299,0.124
3,300,0.122
3,301,0.12
3,302,0.119
3,303,0.118
3,304,0.117
3,305,0.115
3,306,0.112
3,307,0.11
3,308,0.109
3,309,0.109
3,310,0.108
3,311,0.106
3,312,0.104
3,313,0.103
3,314,0.101
3,315,0.101
3,316,0.1
3,317,0.098
3,318,0.097
3,319,0.094
3,320,0.092
3,321,0.092
3,322,0.091
3,323,0.09
3,324,0.089
3,325,0.087
3,326,0.086
3,327,0.085
3,328,0.084
3,329,0.084
3,330,0.082
3,331,0.081
3,332,0.079
3,333,0.078
3,334,0.077
3,335,0.076
3,336,0.074
3,337,0.073
3,338,0.073
3,339,0.073
3,340,0.072
3,341,0.071
3,342,0.069
3,343,0.068
3,344,0.067
3,345,0.067
3,346,0.066
3,347,0.065
3,348,0.065
3,349,0.064
3,350,0.062
3,351,0.061
3,352,0.06
3,353,0.06
3,354,0.059
3,355,0.058
3,356,0.058
3,357,0.058
3,358,0.057
3,359,0.056
3,360,0.054
3,361,0.055
3,362,0.054
3,363,0.053
3,364,0.052
3,365,0.051
3,366,0.052
3,367,0.05
3,368,0.05
3,369,0.049
3,370,0.049
3,371,0.048
3,372,0.047
3,373,0.047
3,374,0.047
3,375,0.046
3,376,0.045
3,377,0.044
3,378,0.043
3,379,0.043
3,380,0.042
3,381,0.041
3,382,0.041
3,383,0.041
3,384,0.04
3,385,0.039
3,386,0.039
3,387,0.038
3,388,0.038
3,389,0.037
3,390,0.037
3,391,0.038
3,392,0.038
3,393,0.038
3,394,0.037
3,395,0.036
3,396,0.035
3,397,0.034
3,398,0.033
3,399,0.032
3,400,0.032
3,401,0.031
3,402,0.032
3,403,0.032
3,404,0.033
3,405,0.033
3,406,0.032
3,407,0.032
3,408,0.031
3,409,0.031
3,410,0.031
3,411,0.03
3,412,0.028
3,413,0.027
3,414,0.028
3,415,0.03
3,416,0.03
3,417,0.029
3,418,0.028
3,419,0.027
3,420,0.026
3,421,0.026
3,422,0.025
3,423,0.025
3,424,0.025
3,425,0.024
3,426,0.024
3,427,0.023
3,428,0.024
3,429,0.024
3,430,0.025
3,431,0.025
3,432,0.024
3,433,0.024
3,434,0.024
3,435,0.023
3,436,0.023
3,437,0.022
3,438,0.022
3,439,0.022
3,440,0.022
3,441,0.021
3,442,0.02
3,443,0.019
3,444,0.02
3,445,0.022
3,446,0.021
3,447,0.02
3,448,0.019
3,449,0.019
3,450,0.019
3,451,0.019
3,452,0.019
3,453,0.02
3,454,0.019
3,455,0.018
3,456,0.019
3,457,0.019
3,458,0.018
3,459,0.018
3,460,0.017
3,461,0.017
3,462,0.017
3,463,0.016
3,464,0.015
3,465,0.015
3,466,0.016
3,467,0.016
3,468,0.016
3,469,0.014
3,470,0.013
3,471,0.013
3,472,0.015
3,473,0.015
3,474,0.015
3,475,0.014
3,476,0.014
3,477,0.014
3,478,0.014
3,479,0.014
3,480,0.014
3,481,0.013
3,482,0.013
3,483,0.013
3,484,0.014
3,485,0.014
3,486,0.013
3,487,0.013
3,488,0.013
3,489,0.012
3,490,0.011
3,491,0.011
3,492,0.011
3,493,0.012
3,494,0.012
3,495,0.011
3,496,0.011
3,497,0.011
3,498,0.012
3,499,0.012
3,500,0.011
3,501,0.011
3,502,0.011
3,503,0.012
3,504,0.012
3,505,0.011
3,506,0.009
3,507,0.009
3,508,0.009
3,509,0.01
3,510,0.01
3,511,0.01
3,512,0.011
3,513,0.011
3,514,0.011
3,515,0.009
3,516,0.009
3,517,0.009
3,518,0.009
3,519,0.009
3,520,0.009
3,521,0.009
3,522,0.008
3,523,0.007
3,524,0.008
3,525,0.008
3,526,0.008
3,527,0.008
3,528,0.008
3,529,0.008
3,530,0.008
3,531,0.008
3,532,0.007
3,533,0.007
3,534,0.007
3,535,0.007
3,536,0.008
3,537,0.008
3,538,0.007
3,539,0.007
3,540,0.007
3,541,0.006
3,542,0.006
3,543,0.006
3,544,0.007
3,545,0.007
3,546,0.006
3,547,0.006
3,548,0.006
3,549,0.006
3,550,0.005
3,551,0.004
3,552,0.004
3,553,0.005
3,554,0.006
3,555,0.006
3,556,0.006
3,557,0.006
3,558,0.006
3,559,0.006
3,560,0.006
3,561,0.005
3,562,0.005
3,563,0.006
3,564,0.006
3,565,0.004
3,566,0.004
3,567,0.003
3,568,0.003
3,569,0.004
3,570,0.004
3,571,0.004
3,572,0.004
3,573,0.004
3,574,0.004
3,575,0.004
3,576,0.004
3,577,0.003
3,578,0.003
3,579,0.004
3,580,0.003
3,581,0.004
3,582,0.003
3,583,0.003
3,584,0.004
3,585,0.004
3,586,0.004
3,587,0.003
3,588,0.004
3,589,0.003
3,590,0.002
3,591,0.003
3,592,0.003
3,593,0.003
3,594,0.003
3,595,0.003
3,596,0.004
3,597,0.003
3,598,0.003
3,599,0.003
3,600,0.002
3,601,0.003
3,602,0.003
3,603,0.003
3,604,0.004
3,605,0.002
3,606,0.003
3,607,0.003
3,608,0.005
3,609,0.005
3,610,0.003
3,611,0.002
3,612,0.003
3,613,0.003
3,614,0.002
3,615,0.001
3,616,0.002
3,617,0.002
3,618,0.001
3,619,0.001
3,620,0.002
3,621,0.002
3,622,0.001
3,623,0.002
3,624,0.003
3,625,0.002
3,626,0
3,627,0.001
3,628,0.001
3,629,0.002
3,630,0.002
3,631,0.001
3,632,0.002
3,633,0.001
3,634,0.001
3,635,0.001
3,636,0.001
3,637,0.001
3,638,0.002
3,639,0.003
3,640,0.003
3,641,0.002
3,642,0.002
3,643,0.002
3,644,0.002
3,645,0.001
3,646,0
3,647,0
3,648,0
3,649,0
3,650,0
3,651,0
3,652,0.001
3,653,0.002
3,654,0.001
3,655,0.001
3,656,0
3,657,-0.001
3,658,0
3,659,0.001
3,660,0.001
3,661,0
3,662,0
3,663,0.001
3,664,0.001
3,665,0
3,666,0
3,667,-0.001
3,668,-0.001
3,669,-0.001
3,670,-0.001
3,671,0
3,672,-0.001
3,673,0
3,674,0.001
3,675,0.002
3,676,0.001
3,677,0
3,678,0
3,679,0
3,680,-0.001
3,681,0
3,682,0
3,683,-0.001
3,684,-0.002
3,685,0
3,686,0.001
3,687,-0.001
3,688,-0.001
3,689,0
3,690,0
3,691,-0.001
3,692,0
3,693,0
3,694,-0.002
3,695,-0.002
3,696,0
3,697,0.001
3,698,0.002
3,699,0.001
3,700,0
3,701,-0.001
3,702,-0.002
3,703,-0.001
3,704,0
3,705,0.001
3,706,0.001
3,707,-0.001
3,708,-0.002
3,709,-0.002
3,710,-0.001
3,711,-0.001
3,712,-0.001
3,713,-0.001
3,714,-0.001
3,715,-0.002
3,716,-0.002
3,717,-0.003
3,718,-0.002
3,719,0
3,720,0.002
3,721,0.001
3,722,-0.002
3,723,-0.004
3,724,-0.003
3,725,-0.002
3,726,-0.002
3,727,-0.002
3,728,-0.002
3,729,-0.002
3,730,-0.002
3,731,-0.002
3,732,-0.002
3,733,-0.002
3,734,-0.002
3,735,-0.003
3,736,-0.001
3,737,0.001
3,738,-0.001
3,739,-0.003
3,740,0
3,741,0.001
3,742,-0.003
3,743,-0.007
3,744,-0.003
3,745,0.001
3,746,0
3,747,-0.002
3,748,-0.004
3,749,-0.003
3,750,0
3,751,0
3,752,0
3,753,-0.002
3,754,-0.002
3,755,-0.001
3,756,-0.001
3,757,-0.004
3,758,-0.004
3,759,0.001
3,760,0.001
3,761,-0.001
3,762,-0.005
3,763,-0.004
3,764,-0.004
3,765,-0.003
3,766,-0.002
3,767,-0.002
3,768,-0.003
3,769,-0.005
3,770,-0.003
3,771,-0.002
3,772,-0.003
3,773,-0.003
3,774,-0.002
3,775,-0.003
3,776,-0.002
3,777,-0.001
3,778,-0.004
3,779,-0.007
3,780,-0.005
3,781,-0.002
3,782,-0.002
3,783,-0.001
3,784,-0.002
3,785,0
3,786,0
3,787,0.002
3,788,0.004
3,789,0.004
3,790,-0.001
3,791,-0.009
3,792,-0.007
3,793,-0.005
3,794,0.001
3,795,0.001
3,796,-0.001
3,797,-0.003
3,798,-0.002
3,799,0.004
3,800,0.004
3,801,0
3,802,-0.002
3,803,0.002
3,804,0.004
3,805,0.002
3,806,-0.002
3,807,-0.003
3,808,-0.007
3,809,-0.009
3,810,-0.007
3,811,-0.007
3,812,-0.008
3,813,-0.007
3,814,-0.004
3,815,0.002
3,816,-0.002
3,817,0.001
3,818,0.004
3,819,0.007
3,820,-0.002
3,821,-0.006
3,822,-0.004
3,823,-0.002
3,824,-0.001
3,825,0
3,826,0
3,827,0.001
3,828,0
3,829,0.001
3,830,-0.002
3,831,-0.001
3,832,-0.002
3,833,0.004
3,834,0.004
3,835,0.002
3,836,-0.002
3,837,0
3,838,-0.002
3,839,-0.011
3,840,-0.011
4,190,0.416
4,191,0.495
4,192,0.177
4,193,-0.164
4,194,-0.298
4,195,-0.28
4,196,0.098
4,197,0.165
4,198,0.035
4,199,-0.454
4,200,-0.811
4,201,-0.774
4,202,-0.745
4,203,-0.497
4,204,-0.394
4,205,-0.553
4,206,-0.463
4,207,-0.132
4,208,0.504
4,209,0.957
4,210,0.78
4,211,0.362
4,212,-0.289
4,213,-0.359
4,214,-0.192
4,215,0.093
4,216,0.215
4,217,0.063
4,218,0.141
4,219,0.166
4,220,0.243
4,221,0.274
4,222,0.265
4,223,0.242
4,224,0.248
4,225,0.26
4,226,0.266
4,227,0.265
4,228,0.265
4,229,0.262
4,230,0.257
4,231,0.25
4,232,0.244
4,233,0.241
4,234,0.237
4,235,0.233
4,236,0.231
4,237,0.226
4,238,0.222
4,239,0.217
4,240,0.212
4,241,0.212
4,242,0.212
4,243,0.209
4,244,0.206
4,245,0.202
4,246,0.203
4,247,0.204
4,248,0.201
4,249,0.198
4,250,0.194
4,251,0.193
4,252,0.191
4,253,0.187
4,254,0.184
4,255,0.184
4,256,0.184
4,257,0.183
4,258,0.182
4,259,0.182
4,260,0.182
4,261,0.181
4,262,0.178
4,263,0.175
4,264,0.173
4,265,0.171
4,266,0.17
4,267,0.169
4,268,0.166
4,269,0.165
4,270,0.165
4,271,0.165
4,272,0.163
4,273,0.16
4,274,0.159
4,275,0.158
4,276,0.155
4,277,0.152
4,278,0.15
4,279,0.149
4,280,0.147
4,281,0.145
4,282,0.143
4,283,0.141
4,284,0.139
4,285,0.137
4,286,0.135
4,287,0.133
4,288,0.132
4,289,0.13
4,290,0.128
4,291,0.125
4,292,0.123
4,293,0.122
4,294,0.121
4,295,0.119
4,296,0.117
4,297,0.115
4,298,0.114
4,299,0.111
4,300,0.109
4,301,0.107
4,302,0.106
4,303,0.105
4,304,0.104
4,305,0.103
4,306,0.101
4,307,0.099
4,308,0.097
4,309,0.097
4,310,0.096
4,311,0.094
4,312,0.092
4,313,0.091
4,314,0.09
4,315,0.089
4,316,0.086
4,317,0.085
4,318,0.085
4,319,0.083
4,320,0.081
4,321,0.08
4,322,0.079
4,323,0.079
4,324,0.078
4,325,0.077
4,326,0.076
4,327,0.075
4,328,0.074
4,329,0.072
4,330,0.071
4,331,0.07
4,332,0.069
4,333,0.069
4,334,0.067
4,335,0.066
4,336,0.064
4,337,0.064
4,338,0.064
4,339,0.064
4,340,0.064
4,341,0.062
4,342,0.061
4,343,0.059
4,344,0.058
4,345,0.058
4,346,0.058
4,347,0.057
4,348,0.056
4,349,0.055
4,350,0.054
4,351,0.053
4,352,0.052
4,353,0.052
4,354,0.052
4,355,0.051
4,356,0.05
4,357,0.05
4,358,0.049
4,359,0.049
4,360,0.047
4,361,0.048
4,362,0.048
4,363,0.047
4,364,0.046
4,365,0.044
4,366,0.045
4,367,0.044
4,368,0.043
4,369,0.042
4,370,0.042
4,371,0.042
4,372,0.042
4,373,0.04
4,374,0.04
4,375,0.039
4,376,0.039
4,377,0.038
4,378,0.037
4,379,0.037
4,380,0.036
4,381,0.036
4,382,0.035
4,383,0.035
4,384,0.035
4,385,0.033
4,386,0.034
4,387,0.035
4,388,0.034
4,389,0.032
4,390,0.031
4,391,0.032
4,392,0.033
4,393,0.032
4,394,0.031
4,395,0.031
4,396,0.031
4,397,0.029
4,398,0.028
4,399,0.027
4,400,0.026
4,401,0.026
4,402,0.026
4,403,0.027
4,404,0.027
4,405,0.027
4,406,0.027
4,407,0.027
4,408,0.026
4,409,0.026
4,410,0.026
4,411,0.025
4,412,0.025
4,413,0.024
4,414,0.024
4,415,0.025
4,416,0.025
4,417,0.024
4,418,0.023
4,419,0.023
4,420,0.022
4,421,0.022
4,422,0.021
4,423,0.021
4,424,0.022
4,425,0.021
4,426,0.021
4,427,0.02
4,428,0.02
4,429,0.02
4,430,0.02
4,431,0.02
4,432,0.02
4,433,0.019
4,434,0.019
4,435,0.019
4,436,0.019
4,437,0.018
4,438,0.018
4,439,0.018
4,440,0.017
4,441,0.018
4,442,0.017
4,443,0.017
4,444,0.018
4,445,0.018
4,446,0.017
4,447,0.016
4,448,0.016
4,449,0.016
4,450,0.016
4,451,0.016
4,452,0.016
4,453,0.016
4,454,0.015
4,455,0.015
4,456,0.015
4,457,0.015
4,458,0.015
4,459,0.014
4,460,0.014
4,461,0.014
4,462,0.014
4,463,0.014
4,464,0.013
4,465,0.013
4,466,0.014
4,467,0.014
4,468,0.013
4,469,0.013
4,470,0.013
4,471,0.013
4,472,0.013
4,473,0.012
4,474,0.012
4,475,0.011
4,476,0.011
4,477,0.011
4,478,0.011
4,479,0.012
4,480,0.012
4,481,0.011
4,482,0.011
4,483,0.011
4,484,0.012
4,485,0.012
4,486,0.012
4,487,0.012
4,488,0.011
4,489,0.011
4,490,0.01
4,491,0.01
4,492,0.01
4,493,0.011
4,494,0.01
4,495,0.01
4,496,0.01
4,497,0.01
4,498,0.01
4,499,0.011
4,500,0.01
4,501,0.009
4,502,0.01
4,503,0.01
4,504,0.01
4,505,0.01
4,506,0.008
4,507,0.008
4,508,0.009
4,509,0.009
4,510,0.009
4,511,0.008
4,512,0.008
4,513,0.009
4,514,0.009
4,515,0.009
4,516,0.009
4,517,0.009
4,518,0.009
4,519,0.008
4,520,0.008
4,521,0.007
4,522,0.007
4,523,0.006
4,524,0.006
4,525,0.007
4,526,0.007
4,527,0.007
4,528,0.007
4,529,0.008
4,530,0.008
4,531,0.008
4,532,0.008
4,533,0.007
4,534,0.007
4,535,0.007
4,536,0.008
4,537,0.007
4,538,0.007
4,539,0.006
4,540,0.006
4,541,0.006
4,542,0.006
4,543,0.006
4,544,0.006
4,545,0.006
4,546,0.006
4,547,0.005
4,548,0.006
4,549,0.006
4,550,0.005
4,551,0.004
4,552,0.004
4,553,0.005
4,554,0.006
4,555,0.005
4,556,0.005
4,557,0.005
4,558,0.005
4,559,0.006
4,560,0.006
4,561,0.005
4,562,0.005
4,563,0.005
4,564,0.005
4,565,0.004
4,566,0.003
4,567,0.003
4,568,0.003
4,569,0.004
4,570,0.004
4,571,0.004
4,572,0.005
4,573,0.004
4,574,0.004
4,575,0.003
4,576,0.003
4,577,0.003
4,578,0.004
4,579,0.005
4,580,0.004
4,581,0.003
4,582,0.002
4,583,0.003
4,584,0.004
4,585,0.003
4,586,0.003
4,587,0.004
4,588,0.005
4,589,0.005
4,590,0.004
4,591,0.004
4,592,0.003
4,593,0.003
4,594,0.004
4,595,0.003
4,596,0.003
4,597,0.003
4,598,0.003
4,599,0.004
4,600,0.003
4,601,0.002
4,602,0.002
4,603,0.002
4,604,0.003
4,605,0.003
4,606,0.004
4,607,0.005
4,608,0.005
4,609,0.004
4,610,0.003
4,611,0.003
4,612,0.003
4,613,0.003
4,614,0.003
4,615,0.004
4,616,0.004
4,617,0.003
4,618,0.003
4,619,0.002
4,620,0.002
4,621,0.002
4,622,0.001
4,623,0.002
4,624,0.003
4,625,0.004
4,626,0.002
4,627,0.002
4,628,0.001
4,629,0.002
4,630,0.001
4,631,0.001
4,632,0.002
4,633,0.002
4,634,0.001
4,635,0.002
4,636,0.003
4,637,0.003
4,638,0.002
4,639,0.003
4,640,0.004
4,641,0.004
4,642,0.003
4,643,0.002
4,644,0.002
4,645,0.001
4,646,0.001
4,647,0.001
4,648,0.001
4,649,0
4,650,0
4,651,0
4,652,0.002
4,653,0.003
4,654,0.003
4,655,0.002
4,656,0
4,657,0
4,658,0.001
4,659,0.002
4,660,0.002
4,661,0.002
4,662,0.002
4,663,0.002
4,664,0.003
4,665,0.002
4,666,0.001
4,667,0.001
4,668,0.001
4,669,0.001
4,670,0
4,671,0.001
4,672,0.001
4,673,0.001
4,674,0.002
4,675,0.002
4,676,0.002
4,677,0.001
4,678,0
4,679,0.003
4,680,0.003
4,681,0.003
4,682,0.002
4,683,0
4,684,-0.001
4,685,-0.001
4,686,0.001
4,687,0.001
4,688,0
4,689,0.001
4,690,0.001
4,691,0
4,692,0.001
4,693,0.001
4,694,0.001
4,695,0
4,696,0.002
4,697,0.002
4,698,0.003
4,699,0.002
4,700,0.001
4,701,0.001
4,702,0.001
4,703,0
4,704,0.001
4,705,0.001
4,706,0.002
4,707,0.002
4,708,0.001
4,709,0
4,710,0.001
4,711,0.002
4,712,0.002
4,713,0.002
4,714,0.001
4,715,0
4,716,0
4,717,0.001
4,718,0
4,719,0.001
4,720,0.001
4,721,0.001
4,722,0
4,723,0.001
4,724,0.001
4,725,0
4,726,-0.001
4,727,0
4,728,0.001
4,729,0.001
4,730,0
4,731,0.002
4,732,0.002
4,733,0
4,734,-0.002
4,735,-0.001
4,736,0.002
4,737,0.003
4,738,0.001
4,739,0
4,740,0.001
4,741,0.002
4,742,0.001
4,743,-0.002
4,744,0
4,745,0
4,746,0.002
4,747,0
4,748,-0.002
4,749,-0.003
4,750,0
4,751,0.002
4,752,0.001
4,753,-0.001
4,754,-0.002
4,755,0
4,756,0.002
4,757,0.002
4,758,0
4,759,0.001
4,760,0.003
4,761,0.002
4,762,-0.001
4,763,-0.002
4,764,-0.001
4,765,-0.001
4,766,-0.001
4,767,0
4,768,0
4,769,-0.003
4,770,-0.001
4,771,0
4,772,0.001
4,773,0.001
4,774,-0.001
4,775,-0.004
4,776,0
4,777,0.001
4,778,-0.003
4,779,-0.004
4,780,-0.001
4,781,0.002
4,782,0.001
4,783,0.001
4,784,0.001
4,785,0.004
4,786,0.005
4,787,0.004
4,788,0.004
4,789,0.003
4,790,0
4,791,-0.005
4,792,-0.004
4,793,0.001
4,794,0.005
4,795,0.003
4,796,-0.001
4,797,0
4,798,0
4,799,0.001
4,800,0.001
4,801,0.001
4,802,0.001
4,803,0.002
4,804,0.002
4,805,0
4,806,0.002
4,807,0.001
4,808,-0.002
4,809,-0.005
4,810,-0.003
4,811,-0.001
4,812,0
4,813,0.001
4,814,0.001
4,815,0.004
4,816,0
4,817,0.005
4,818,0.006
4,819,0.008
4,820,0.001
4,821,0
4,822,0
4,823,0
4,824,0
4,825,0
4,826,0.001
4,827,0.003
4,828,0.003
4,829,0.002
4,830,0.002
4,831,0.003
4,832,0.003
4,833,0.005
4,834,0.004
4,835,0.001
4,836,0
4,837,0.002
4,838,0
4,839,-0.007
4,840,-0.004
5,190,0.423
5,191,0.457
5,192,0.09
5,193,-0.21
5,194,-0.354
5,195,-0.021
5,196,0.315
5,197,0.316
5,198,0.235
5,199,-0.237
5,200,-0.542
5,201,-0.416
5,202,-0.51
5,203,-0.217
5,204,0.052
5,205,-0.136
5,206,-0.288
5,207,-0.411
5,208,0.086
5,209,0.472
5,210,0.352
5,211,0.037
5,212,-0.389
5,213,-0.384
5,214,-0.219
5,215,-0.025
5,216,0.083
5,217,0.033
5,218,0.115
5,219,0.176
5,220,0.248
5,221,0.214
5,222,0.241
5,223,0.238
5,224,0.255
5,225,0.259
5,226,0.262
5,227,0.261
5,228,0.263
5,229,0.265
5,230,0.263
5,231,0.256
5,232,0.251
5,233,0.248
5,234,0.245
5,235,0.24
5,236,0.236
5,237,0.231
5,238,0.228
5,239,0.226
5,240,0.222
5,241,0.222
5,242,0.219
5,243,0.216
5,244,0.213
5,245,0.211
5,246,0.211
5,247,0.212
5,248,0.209
5,249,0.207
5,250,0.205
5,251,0.204
5,252,0.201
5,253,0.197
5,254,0.194
5,255,0.192
5,256,0.192
5,257,0.191
5,258,0.192
5,259,0.192
5,260,0.192
5,261,0.19
5,262,0.188
5,263,0.185
5,264,0.183
5,265,0.181
5,266,0.179
5,267,0.178
5,268,0.177
5,269,0.176
5,270,0.175
5,271,0.174
5,272,0.172
5,273,0.17
5,274,0.168
5,275,0.166
5,276,0.163
5,277,0.161
5,278,0.16
5,279,0.159
5,280,0.157
5,281,0.155
5,282,0.152
5,283,0.15
5,284,0.149
5,285,0.146
5,286,0.144
5,287,0.142
5,288,0.141
5,289,0.139
5,290,0.137
5,291,0.135
5,292,0.133
5,293,0.132
5,294,0.131
5,295,0.128
5,296,0.126
5,297,0.125
5,298,0.123
5,299,0.121
5,300,0.119
5,301,0.118
5,302,0.116
5,303,0.115
5,304,0.114
5,305,0.113
5,306,0.112
5,307,0.11
5,308,0.109
5,309,0.108
5,310,0.106
5,311,0.104
5,312,0.102
5,313,0.102
5,314,0.101
5,315,0.1
5,316,0.098
5,317,0.096
5,318,0.095
5,319,0.092
5,320,0.091
5,321,0.09
5,322,0.09
5,323,0.09
5,324,0.089
5,325,0.087
5,326,0.086
5,327,0.085
5,328,0.084
5,329,0.083
5,330,0.082
5,331,0.08
5,332,0.08
5,333,0.079
5,334,0.078
5,335,0.077
5,336,0.075
5,337,0.074
5,338,0.073
5,339,0.072
5,340,0.073
5,341,0.071
5,342,0.07
5,343,0.069
5,344,0.069
5,345,0.068
5,346,0.067
5,347,0.067
5,348,0.066
5,349,0.065
5,350,0.064
5,351,0.063
5,352,0.062
5,353,0.062
5,354,0.062
5,355,0.061
5,356,0.06
5,357,0.06
5,358,0.059
5,359,0.059
5,360,0.057
5,361,0.058
5,362,0.057
5,363,0.055
5,364,0.054
5,365,0.053
5,366,0.054
5,367,0.053
5,368,0.053
5,369,0.051
5,370,0.05
5,371,0.05
5,372,0.049
5,373,0.048
5,374,0.049
5,375,0.048
5,376,0.047
5,377,0.046
5,378,0.045
5,379,0.045
5,380,0.044
5,381,0.044
5,382,0.043
5,383,0.043
5,384,0.042
5,385,0.041
5,386,0.041
5,387,0.04
5,388,0.04
5,389,0.039
5,390,0.039
5,391,0.04
5,392,0.04
5,393,0.039
5,394,0.038
5,395,0.037
5,396,0.037
5,397,0.036
5,398,0.035
5,399,0.033
5,400,0.032
5,401,0.031
5,402,0.032
5,403,0.033
5,404,0.034
5,405,0.033
5,406,0.033
5,407,0.033
5,408,0.031
5,409,0.031
5,410,0.031
5,411,0.031
5,412,0.03
5,413,0.029
5,414,0.029
5,415,0.03
5,416,0.029
5,417,0.028
5,418,0.028
5,419,0.028
5,420,0.027
5,421,0.026
5,422,0.026
5,423,0.025
5,424,0.025
5,425,0.024
5,426,0.024
5,427,0.024
5,428,0.024
5,429,0.024
5,430,0.025
5,431,0.025
5,432,0.024
5,433,0.024
5,434,0.024
5,435,0.023
5,436,0.023
5,437,0.023
5,438,0.023
5,439,0.022
5,440,0.022
5,441,0.021
5,442,0.02
5,443,0.02
5,444,0.02
5,445,0.021
5,446,0.02
5,447,0.019
5,448,0.019
5,449,0.019
5,450,0.019
5,451,0.019
5,452,0.019
5,453,0.019
5,454,0.019
5,455,0.018
5,456,0.019
5,457,0.019
5,458,0.018
5,459,0.017
5,460,0.016
5,461,0.016
5,462,0.016
5,463,0.016
5,464,0.016
5,465,0.016
5,466,0.016
5,467,0.016
5,468,0.016
5,469,0.014
5,470,0.013
5,471,0.012
5,472,0.014
5,473,0.014
5,474,0.015
5,475,0.014
5,476,0.014
5,477,0.014
5,478,0.014
5,479,0.014
5,480,0.014
5,481,0.013
5,482,0.013
5,483,0.013
5,484,0.013
5,485,0.014
5,486,0.013
5,487,0.013
5,488,0.013
5,489,0.012
5,490,0.011
5,491,0.011
5,492,0.011
5,493,0.012
5,494,0.012
5,495,0.012
5,496,0.011
5,497,0.011
5,498,0.012
5,499,0.012
5,500,0.011
5,501,0.011
5,502,0.011
5,503,0.011
5,504,0.012
5,505,0.011
5,506,0.01
5,507,0.009
5,508,0.009
5,509,0.01
5,510,0.01
5,511,0.01
5,512,0.01
5,513,0.01
5,514,0.01
5,515,0.01
5,516,0.009
5,517,0.009
5,518,0.01
5,519,0.009
5,520,0.009
5,521,0.008
5,522,0.008
5,523,0.008
5,524,0.009
5,525,0.009
5,526,0.009
5,527,0.008
5,528,0.008
5,529,0.009
5,530,0.009
5,531,0.009
5,532,0.008
5,533,0.008
5,534,0.008
5,535,0.008
5,536,0.008
5,537,0.008
5,538,0.008
5,539,0.008
5,540,0.008
5,541,0.007
5,542,0.006
5,543,0.006
5,544,0.007
5,545,0.007
5,546,0.006
5,547,0.006
5,548,0.006
5,549,0.007
5,550,0.006
5,551,0.006
5,552,0.005
5,553,0.006
5,554,0.006
5,555,0.006
5,556,0.007
5,557,0.007
5,558,0.006
5,559,0.005
5,560,0.005
5,561,0.005
5,562,0.005
5,563,0.005
5,564,0.006
5,565,0.005
5,566,0.004
5,567,0.003
5,568,0.003
5,569,0.003
5,570,0.004
5,571,0.005
5,572,0.005
5,573,0.005
5,574,0.004
5,575,0.003
5,576,0.003
5,577,0.003
5,578,0.004
5,579,0.005
5,580,0.004
5,581,0.004
5,582,0.003
5,583,0.004
5,584,0.004
5,585,0.004
5,586,0.004
5,587,0.004
5,588,0.005
5,589,0.005
5,590,0.005
5,591,0.004
5,592,0.004
5,593,0.004
5,594,0.004
5,595,0.002
5,596,0.003
5,597,0.003
5,598,0.004
5,599,0.003
5,600,0.002
5,601,0.003
5,602,0.003
5,603,0.003
5,604,0.004
5,605,0.003
5,606,0.003
5,607,0.003
5,608,0.005
5,609,0.004
5,610,0.003
5,611,0.003
5,612,0.003
5,613,0.003
5,614,0.004
5,615,0.003
5,616,0.003
5,617,0.003
5,618,0.003
5,619,0.003
5,620,0.003
5,621,0.002
5,622,0.002
5,623,0.003
5,624,0.003
5,625,0.003
5,626,0.003
5,627,0.003
5,628,0.002
5,629,0.001
5,630,0.001
5,631,0.002
5,632,0.002
5,633,0.002
5,634,0.001
5,635,0.001
5,636,0.002
5,637,0.002
5,638,0.002
5,639,0.003
5,640,0.004
5,641,0.004
5,642,0.003
5,643,0.002
5,644,0.001
5,645,0.001
5,646,0.001
5,647,0
5,648,0
5,649,0
5,650,0.001
5,651,0.002
5,652,0.002
5,653,0.002
5,654,0.002
5,655,0.001
5,656,0.001
5,657,0
5,658,0.001
5,659,0.002
5,660,0.002
5,661,0
5,662,0.001
5,663,0.001
5,664,0.001
5,665,0.001
5,666,0
5,667,0
5,668,0.001
5,669,0.001
5,670,0
5,671,0.001
5,672,0.002
5,673,0.002
5,674,0.002
5,675,0.002
5,676,0.002
5,677,0.001
5,678,0.001
5,679,0.002
5,680,0.002
5,681,0.002
5,682,0
5,683,-0.001
5,684,-0.002
5,685,-0.001
5,686,0.001
5,687,0
5,688,-0.001
5,689,0
5,690,0.001
5,691,-0.001
5,692,0
5,693,0
5,694,0
5,695,0
5,696,0.002
5,697,0.002
5,698,0.002
5,699,0.001
5,700,0
5,701,-0.001
5,702,-0.001
5,703,0
5,704,0.001
5,705,0.002
5,706,0.002
5,707,0.003
5,708,0.001
5,709,-0.001
5,710,-0.002
5,711,-0.001
5,712,0
5,713,0.001
5,714,-0.001
5,715,-0.001
5,716,0
5,717,0
5,718,-0.001
5,719,0.002
5,720,0.002
5,721,0.001
5,722,-0.002
5,723,-0.002
5,724,0
5,725,0
5,726,0
5,727,0.001
5,728,0.001
5,729,-0.001
5,730,-0.002
5,731,0
5,732,0
5,733,0
5,734,-0.002
5,735,-0.001
5,736,0.001
5,737,0.001
5,738,0
5,739,-0.003
5,740,-0.001
5,741,0.002
5,742,0
5,743,-0.002
5,744,-0.001
5,745,0
5,746,0
5,747,-0.001
5,748,0
5,749,0
5,750,0
5,751,0
5,752,-0.001
5,753,-0.001
5,754,-0.003
5,755,-0.001
5,756,0.001
5,757,0
5,758,-0.002
5,759,0
5,760,0
5,761,-0.001
5,762,-0.003
5,763,-0.003
5,764,-0.002
5,765,-0.002
5,766,-0.001
5,767,-0.001
5,768,-0.002
5,769,-0.005
5,770,-0.003
5,771,-0.002
5,772,-0.001
5,773,-0.002
5,774,-0.003
5,775,-0.003
5,776,0.001
5,777,0.001
5,778,-0.002
5,779,-0.005
5,780,-0.002
5,781,0.003
5,782,0.003
5,783,0.003
5,784,0
5,785,0.001
5,786,0.001
5,787,0.004
5,788,0.002
5,789,0
5,790,-0.003
5,791,-0.006
5,792,-0.007
5,793,-0.003
5,794,-0.001
5,795,0
5,796,-0.001
5,797,-0.001
5,798,-0.003
5,799,-0.001
5,800,-0.001
5,801,-0.002
5,802,-0.002
5,803,-0.001
5,804,0.001
5,805,0.003
5,806,0.002
5,807,0.001
5,808,-0.004
5,809,-0.005
5,810,-0.005
5,811,0
5,812,0
5,813,0.001
5,814,-0.002
5,815,0.001
5,816,0.003
5,817,0.005
5,818,0.002
5,819,0.002
5,820,-0.001
5,821,-0.002
5,822,-0.001
5,823,-0.002
5,824,-0.003
5,825,-0.002
5,826,0
5,827,0.002
5,828,0.001
5,829,0
5,830,-0.001
5,831,0
5,832,-0.003
5,833,0.001
5,834,0.002
5,835,0.002
5,836,0.001
5,837,0.001
5,838,-0.003
5,839,-0.011
5,840,-0.004
6,190,0.32
6,191,0.21
6,192,-0.206
6,193,-0.484
6,194,-0.615
6,195,-0.297
6,196,0.297
6,197,0.608
6,198,0.429
6,199,-0.293
6,200,-0.73
6,201,-0.801
6,202,-0.65
6,203,-0.387
6,204,-0.132
6,205,-0.183
6,206,-0.337
6,207,-0.198
6,208,0.123
6,209,0.376
6,210,0.365
6,211,0.107
6,212,-0.105
6,213,-0.15
6,214,-0.194
6,215,-0.054
6,216,0.039
6,217,-0.006
6,218,0.091
6,219,0.132
6,220,0.238
6,221,0.236
6,222,0.246
6,223,0.227
6,224,0.243
6,225,0.253
6,226,0.256
6,227,0.256
6,228,0.256
6,229,0.253
6,230,0.248
6,231,0.241
6,232,0.236
6,233,0.234
6,234,0.23
6,235,0.224
6,236,0.219
6,237,0.215
6,238,0.215
6,239,0.213
6,240,0.208
6,241,0.207
6,242,0.207
6,243,0.205
6,244,0.203
6,245,0.199
6,246,0.199
6,247,0.199
6,248,0.197
6,249,0.195
6,250,0.192
6,251,0.191
6,252,0.189
6,253,0.185
6,254,0.182
6,255,0.18
6,256,0.18
6,257,0.18
6,258,0.18
6,259,0.181
6,260,0.181
6,261,0.178
6,262,0.175
6,263,0.171
6,264,0.169
6,265,0.168
6,266,0.168
6,267,0.167
6,268,0.166
6,269,0.164
6,270,0.164
6,271,0.162
6,272,0.16
6,273,0.157
6,274,0.156
6,275,0.155
6,276,0.153
6,277,0.15
6,278,0.148
6,279,0.147
6,280,0.145
6,281,0.144
6,282,0.141
6,283,0.139
6,284,0.137
6,285,0.136
6,286,0.134
6,287,0.132
6,288,0.13
6,289,0.129
6,290,0.126
6,291,0.123
6,292,0.122
6,293,0.122
6,294,0.12
6,295,0.118
6,296,0.117
6,297,0.116
6,298,0.114
6,299,0.111
6,300,0.109
6,301,0.107
6,302,0.106
6,303,0.105
6,304,0.105
6,305,0.104
6,306,0.101
6,307,0.099
6,308,0.098
6,309,0.098
6,310,0.097
6,311,0.095
6,312,0.093
6,313,0.092
6,314,0.091
6,315,0.091
6,316,0.089
6,317,0.087
6,318,0.086
6,319,0.084
6,320,0.083
6,321,0.082
6,322,0.082
6,323,0.082
6,324,0.08
6,325,0.077
6,326,0.077
6,327,0.077
6,328,0.076
6,329,0.075
6,330,0.073
6,331,0.072
6,332,0.071
6,333,0.07
6,334,0.07
6,335,0.069
6,336,0.068
6,337,0.067
6,338,0.067
6,339,0.066
6,340,0.066
6,341,0.064
6,342,0.063
6,343,0.062
6,344,0.062
6,345,0.061
6,346,0.061
6,347,0.06
6,348,0.059
6,349,0.059
6,350,0.057
6,351,0.057
6,352,0.056
6,353,0.054
6,354,0.054
6,355,0.053
6,356,0.053
6,357,0.053
6,358,0.053
6,359,0.052
6,360,0.05
6,361,0.051
6,362,0.051
6,363,0.05
6,364,0.048
6,365,0.047
6,366,0.048
6,367,0.046
6,368,0.046
6,369,0.045
6,370,0.045
6,371,0.045
6,372,0.044
6,373,0.044
6,374,0.044
6,375,0.043
6,376,0.042
6,377,0.041
6,378,0.039
6,379,0.039
6,380,0.039
6,381,0.038
6,382,0.037
6,383,0.037
6,384,0.037
6,385,0.035
6,386,0.035
6,387,0.035
6,388,0.035
6,389,0.034
6,390,0.034
6,391,0.035
6,392,0.035
6,393,0.034
6,394,0.034
6,395,0.033
6,396,0.031
6,397,0.03
6,398,0.03
6,399,0.029
6,400,0.028
6,401,0.027
6,402,0.028
6,403,0.029
6,404,0.029
6,405,0.029
6,406,0.029
6,407,0.029
6,408,0.028
6,409,0.027
6,410,0.027
6,411,0.027
6,412,0.026
6,413,0.025
6,414,0.025
6,415,0.026
6,416,0.026
6,417,0.025
6,418,0.025
6,419,0.024
6,420,0.024
6,421,0.023
6,422,0.022
6,423,0.022
6,424,0.022
6,425,0.022
6,426,0.021
6,427,0.021
6,428,0.021
6,429,0.021
6,430,0.022
6,431,0.022
6,432,0.021
6,433,0.02
6,434,0.02
6,435,0.019
6,436,0.02
6,437,0.02
6,438,0.02
6,439,0.019
6,440,0.019
6,441,0.018
6,442,0.017
6,443,0.017
6,444,0.018
6,445,0.019
6,446,0.018
6,447,0.017
6,448,0.016
6,449,0.017
6,450,0.017
6,451,0.017
6,452,0.017
6,453,0.016
6,454,0.016
6,455,0.015
6,456,0.016
6,457,0.016
6,458,0.015
6,459,0.015
6,460,0.014
6,461,0.015
6,462,0.014
6,463,0.014
6,464,0.014
6,465,0.014
6,466,0.014
6,467,0.014
6,468,0.014
6,469,0.013
6,470,0.012
6,471,0.011
6,472,0.012
6,473,0.012
6,474,0.012
6,475,0.012
6,476,0.012
6,477,0.012
6,478,0.011
6,479,0.012
6,480,0.012
6,481,0.011
6,482,0.011
6,483,0.012
6,484,0.012
6,485,0.012
6,486,0.011
6,487,0.012
6,488,0.012
6,489,0.011
6,490,0.011
6,491,0.01
6,492,0.01
6,493,0.01
6,494,0.01
6,495,0.01
6,496,0.01
6,497,0.009
6,498,0.01
6,499,0.011
6,500,0.01
6,501,0.009
6,502,0.009
6,503,0.01
6,504,0.01
6,505,0.009
6,506,0.007
6,507,0.008
6,508,0.009
6,509,0.009
6,510,0.009
6,511,0.008
6,512,0.009
6,513,0.01
6,514,0.009
6,515,0.008
6,516,0.008
6,517,0.008
6,518,0.009
6,519,0.008
6,520,0.008
6,521,0.007
6,522,0.006
6,523,0.006
6,524,0.007
6,525,0.007
6,526,0.007
6,527,0.007
6,528,0.007
6,529,0.008
6,530,0.008
6,531,0.008
6,532,0.007
6,533,0.007
6,534,0.007
6,535,0.007
6,536,0.008
6,537,0.007
6,538,0.007
6,539,0.007
6,540,0.007
6,541,0.007
6,542,0.006
6,543,0.006
6,544,0.006
6,545,0.006
6,546,0.005
6,547,0.005
6,548,0.005
6,549,0.006
6,550,0.006
6,551,0.005
6,552,0.004
6,553,0.005
6,554,0.006
6,555,0.006
6,556,0.006
6,557,0.006
6,558,0.006
6,559,0.005
6,560,0.005
6,561,0.005
6,562,0.005
6,563,0.005
6,564,0.006
6,565,0.004
6,566,0.004
6,567,0.002
6,568,0.002
6,569,0.003
6,570,0.004
6,571,0.005
6,572,0.005
6,573,0.005
6,574,0.005
6,575,0.004
6,576,0.004
6,577,0.003
6,578,0.004
6,579,0.005
6,580,0.004
6,581,0.004
6,582,0.002
6,583,0.003
6,584,0.004
6,585,0.004
6,586,0.003
6,587,0.003
6,588,0.004
6,589,0.005
6,590,0.004
6,591,0.004
6,592,0.004
6,593,0.004
6,594,0.004
6,595,0.004
6,596,0.005
6,597,0.004
6,598,0.003
6,599,0.003
6,600,0.002
6,601,0.003
6,602,0.003
6,603,0.003
6,604,0.004
6,605,0.004
6,606,0.003
6,607,0.003
6,608,0.004
6,609,0.005
6,610,0.005
6,611,0.004
6,612,0.003
6,613,0.002
6,614,0.003
6,615,0.003
6,616,0.003
6,617,0.002
6,618,0.002
6,619,0.001
6,620,0.001
6,621,0.002
6,622,0.002
6,623,0.003
6,624,0.003
6,625,0.002
6,626,0.002
6,627,0.002
6,628,0.001
6,629,0.001
6,630,0.001
6,631,0.001
6,632,0.002
6,633,0.002
6,634,0.001
6,635,0.001
6,636,0.002
6,637,0.002
6,638,0.002
6,639,0.003
6,640,0.004
6,641,0.003
6,642,0.002
6,643,0.002
6,644,0.002
6,645,0.002
6,646,0.001
6,647,0.001
6,648,0.001
6,649,0
6,650,0
6,651,0
6,652,0.002
6,653,0.002
6,654,0.002
6,655,0.002
6,656,0.001
6,657,0
6,658,0.001
6,659,0.002
6,660,0.002
6,661,0.002
6,662,0.002
6,663,0.003
6,664,0.003
6,665,0.001
6,666,0.001
6,667,0.001
6,668,0.002
6,669,0.001
6,670,0
6,671,0
6,672,0
6,673,0.001
6,674,0.001
6,675,0.002
6,676,0.002
6,677,0.001
6,678,0.001
6,679,0.002
6,680,0.002
6,681,0.003
6,682,0.002
6,683,0.001
6,684,0
6,685,0
6,686,0.001
6,687,0.001
6,688,0.001
6,689,0.002
6,690,0.001
6,691,0
6,692,0.001
6,693,0
6,694,0
6,695,0
6,696,0.002
6,697,0.002
6,698,0.001
6,699,0.001
6,700,0.002
6,701,0
6,702,-0.001
6,703,-0.001
6,704,0.001
6,705,0.003
6,706,0.003
6,707,0.003
6,708,0.002
6,709,0.001
6,710,0
6,711,0.001
6,712,0.001
6,713,0.001
6,714,-0.001
6,715,-0.001
6,716,0
6,717,0.001
6,718,0.001
6,719,0.001
6,720,0.001
6,721,-0.001
6,722,-0.002
6,723,-0.002
6,724,0
6,725,-0.001
6,726,0
6,727,0.001
6,728,0.001
6,729,-0.001
6,730,-0.002
6,731,0
6,732,0
6,733,-0.001
6,734,-0.001
6,735,0
6,736,0
6,737,0.001
6,738,0
6,739,0
6,740,0
6,741,0.002
6,742,-0.001
6,743,-0.002
6,744,-0.001
6,745,0
6,746,0
6,747,-0.001
6,748,-0.001
6,749,0
6,750,0
6,751,0
6,752,0
6,753,-0.002
6,754,-0.004
6,755,-0.002
6,756,0.001
6,757,0.001
6,758,0
6,759,0.001
6,760,0
6,761,0
6,762,-0.002
6,763,0
6,764,0
6,765,0
6,766,-0.002
6,767,-0.001
6,768,-0.002
6,769,-0.004
6,770,-0.003
6,771,-0.002
6,772,-0.002
6,773,0
6,774,-0.001
6,775,-0.004
6,776,0
6,777,0.001
6,778,-0.002
6,779,-0.006
6,780,-0.002
6,781,0
6,782,0
6,783,-0.001
6,784,-0.001
6,785,0.001
6,786,0.001
6,787,0.003
6,788,0.002
6,789,0
6,790,-0.004
6,791,-0.008
6,792,-0.005
6,793,0
6,794,0.002
6,795,0
6,796,-0.003
6,797,-0.003
6,798,-0.001
6,799,0.002
6,800,-0.001
6,801,-0.004
6,802,-0.001
6,803,0.004
6,804,0.005
6,805,0.002
6,806,0.001
6,807,0.001
6,808,0
6,809,-0.003
6,810,-0.003
6,811,-0.002
6,812,-0.002
6,813,-0.003
6,814,-0.002
6,815,0.004
6,816,0.001
6,817,0.001
6,818,-0.001
6,819,0.002
6,820,-0.002
6,821,-0.003
6,822,-0.002
6,823,0.001
6,824,0
6,825,0.001
6,826,0.001
6,827,0.002
6,828,0.003
6,829,0.003
6,830,0.003
6,831,0.004
6,832,0.002
6,833,0.002
6,834,0.001
6,835,0.001
6,836,0
6,837,0.003
6,838,-0.001
6,839,-0.006
6,840,-0.001
7,190,0.22
7,191,0.075
7,192,-0.293
7,193,-0.34
7,194,-0.346
7,195,0.007
7,196,0.16
7,197,0.109
7,198,0.252
7,199,-0.101
7,200,-0.293
7,201,-0.351
7,202,-0.45
7,203,-0.423
7,204,-0.093
7,205,-0.333
7,206,-0.397
7,207,-0.211
7,208,0.137
7,209,0.551
7,210,0.509
7,211,0.178
7,212,-0.15
7,213,-0.05
7,214,0.078
7,215,0.472
7,216,0.416
7,217,0.129
7,218,0.114
7,219,0.121
7,220,0.226
7,221,0.247
7,222,0.242
7,223,0.241
7,224,0.245
7,225,0.251
7,226,0.25
7,227,0.25
7,228,0.252
7,229,0.253
7,230,0.249
7,231,0.243
7,232,0.235
7,233,0.229
7,234,0.227
7,235,0.223
7,236,0.22
7,237,0.214
7,238,0.21
7,239,0.206
7,240,0.202
7,241,0.201
7,242,0.202
7,243,0.201
7,244,0.199
7,245,0.197
7,246,0.196
7,247,0.196
7,248,0.194
7,249,0.192
7,250,0.19
7,251,0.188
7,252,0.186
7,253,0.182
7,254,0.18
7,255,0.179
7,256,0.177
7,257,0.176
7,258,0.176
7,259,0.177
7,260,0.176
7,261,0.174
7,262,0.172
7,263,0.169
7,264,0.167
7,265,0.165
7,266,0.164
7,267,0.163
7,268,0.162
7,269,0.16
7,270,0.16
7,271,0.159
7,272,0.157
7,273,0.155
7,274,0.154
7,275,0.153
7,276,0.15
7,277,0.148
7,278,0.146
7,279,0.145
7,280,0.144
7,281,0.142
7,282,0.139
7,283,0.137
7,284,0.135
7,285,0.133
7,286,0.131
7,287,0.13
7,288,0.128
7,289,0.126
7,290,0.123
7,291,0.121
7,292,0.12
7,293,0.119
7,294,0.118
7,295,0.116
7,296,0.113
7,297,0.112
7,298,0.111
7,299,0.109
7,300,0.107
7,301,0.105
7,302,0.104
7,303,0.102
7,304,0.102
7,305,0.101
7,306,0.099
7,307,0.097
7,308,0.095
7,309,0.094
7,310,0.093
7,311,0.091
7,312,0.09
7,313,0.09
7,314,0.089
7,315,0.087
7,316,0.085
7,317,0.084
7,318,0.083
7,319,0.081
7,320,0.08
7,321,0.079
7,322,0.078
7,323,0.078
7,324,0.077
7,325,0.075
7,326,0.074
7,327,0.073
7,328,0.073
7,329,0.072
7,330,0.071
7,331,0.07
7,332,0.069
7,333,0.068
7,334,0.067
7,335,0.066
7,336,0.065
7,337,0.065
7,338,0.064
7,339,0.063
7,340,0.062
7,341,0.061
7,342,0.061
7,343,0.06
7,344,0.059
7,345,0.058
7,346,0.058
7,347,0.058
7,348,0.057
7,349,0.056
7,350,0.054
7,351,0.054
7,352,0.053
7,353,0.052
7,354,0.052
7,355,0.051
7,356,0.052
7,357,0.051
7,358,0.05
7,359,0.05
7,360,0.048
7,361,0.049
7,362,0.048
7,363,0.047
7,364,0.046
7,365,0.045
7,366,0.045
7,367,0.044
7,368,0.044
7,369,0.042
7,370,0.042
7,371,0.042
7,372,0.042
7,373,0.04
7,374,0.04
7,375,0.039
7,376,0.039
7,377,0.038
7,378,0.037
7,379,0.037
7,380,0.036
7,381,0.036
7,382,0.035
7,383,0.035
7,384,0.035
7,385,0.034
7,386,0.033
7,387,0.033
7,388,0.033
7,389,0.032
7,390,0.032
7,391,0.033
7,392,0.033
7,393,0.032
7,394,0.032
7,395,0.031
7,396,0.031
7,397,0.029
7,398,0.028
7,399,0.027
7,400,0.026
7,401,0.025
7,402,0.026
7,403,0.026
7,404,0.027
7,405,0.027
7,406,0.027
7,407,0.028
7,408,0.026
7,409,0.026
7,410,0.026
7,411,0.025
7,412,0.025
7,413,0.024
7,414,0.024
7,415,0.025
7,416,0.025
7,417,0.024
7,418,0.023
7,419,0.023
7,420,0.023
7,421,0.022
7,422,0.021
7,423,0.021
7,424,0.021
7,425,0.021
7,426,0.02
7,427,0.02
7,428,0.02
7,429,0.02
7,430,0.02
7,431,0.02
7,432,0.02
7,433,0.019
7,434,0.019
7,435,0.018
7,436,0.018
7,437,0.018
7,438,0.018
7,439,0.019
7,440,0.018
7,441,0.018
7,442,0.017
7,443,0.016
7,444,0.016
7,445,0.017
7,446,0.017
7,447,0.016
7,448,0.015
7,449,0.016
7,450,0.016
7,451,0.016
7,452,0.016
7,453,0.016
7,454,0.016
7,455,0.015
7,456,0.014
7,457,0.014
7,458,0.014
7,459,0.014
7,460,0.014
7,461,0.014
7,462,0.013
7,463,0.013
7,464,0.013
7,465,0.013
7,466,0.013
7,467,0.013
7,468,0.013
7,469,0.011
7,470,0.01
7,471,0.01
7,472,0.011
7,473,0.011
7,474,0.011
7,475,0.011
7,476,0.011
7,477,0.011
7,478,0.011
7,479,0.012
7,480,0.011
7,481,0.01
7,482,0.01
7,483,0.011
7,484,0.011
7,485,0.011
7,486,0.011
7,487,0.01
7,488,0.011
7,489,0.01
7,490,0.009
7,491,0.009
7,492,0.009
7,493,0.01
7,494,0.01
7,495,0.009
7,496,0.009
7,497,0.009
7,498,0.009
7,499,0.01
7,500,0.009
7,501,0.008
7,502,0.008
7,503,0.009
7,504,0.009
7,505,0.008
7,506,0.007
7,507,0.007
7,508,0.008
7,509,0.008
7,510,0.008
7,511,0.007
7,512,0.007
7,513,0.008
7,514,0.008
7,515,0.008
7,516,0.007
7,517,0.008
7,518,0.008
7,519,0.007
7,520,0.007
7,521,0.006
7,522,0.006
7,523,0.005
7,524,0.006
7,525,0.006
7,526,0.007
7,527,0.007
7,528,0.006
7,529,0.007
7,530,0.007
7,531,0.007
7,532,0.006
7,533,0.006
7,534,0.005
7,535,0.006
7,536,0.006
7,537,0.006
7,538,0.005
7,539,0.005
7,540,0.005
7,541,0.005
7,542,0.005
7,543,0.005
7,544,0.005
7,545,0.005
7,546,0.005
7,547,0.004
7,548,0.004
7,549,0.005
7,550,0.004
7,551,0.004
7,552,0.004
7,553,0.004
7,554,0.005
7,555,0.005
7,556,0.005
7,557,0.004
7,558,0.004
7,559,0.004
7,560,0.004
7,561,0.004
7,562,0.003
7,563,0.003
7,564,0.004
7,565,0.003
7,566,0.002
7,567,0.001
7,568,0.001
7,569,0.002
7,570,0.003
7,571,0.003
7,572,0.003
7,573,0.003
7,574,0.003
7,575,0.002
7,576,0.002
7,577,0.001
7,578,0.002
7,579,0.004
7,580,0.003
7,581,0.003
7,582,0.002
7,583,0.002
7,584,0.003
7,585,0.003
7,586,0.003
7,587,0.002
7,588,0.002
7,589,0.003
7,590,0.002
7,591,0.003
7,592,0.002
7,593,0.002
7,594,0.003
7,595,0.002
7,596,0.002
7,597,0.002
7,598,0.003
7,599,0.002
7,600,0.001
7,601,0.001
7,602,0.001
7,603,0.001
7,604,0.002
7,605,0.002
7,606,0.002
7,607,0.002
7,608,0.003
7,609,0.003
7,610,0.002
7,611,0.002
7,612,0.002
7,613,0.003
7,614,0.002
7,615,0.002
7,616,0.002
7,617,0.001
7,618,0.001
7,619,0.001
7,620,0.001
7,621,0.001
7,622,0.001
7,623,0.001
7,624,0.002
7,625,0.002
7,626,0.002
7,627,0.002
7,628,0.001
7,629,0.001
7,630,0
7,631,0.001
7,632,0.001
7,633,0.001
7,634,-0.001
7,635,0
7,636,0.002
7,637,0.002
7,638,0.002
7,639,0.002
7,640,0.003
7,641,0.002
7,642,0.001
7,643,0.001
7,644,0
7,645,0
7,646,0
7,647,0
7,648,0.001
7,649,0
7,650,-0.001
7,651,-0.001
7,652,0
7,653,0.001
7,654,0
7,655,0
7,656,0
7,657,-0.001
7,658,0
7,659,0.001
7,660,0.001
7,661,0.001
7,662,0
7,663,0
7,664,0
7,665,0
7,666,0
7,667,0
7,668,0
7,669,0
7,670,0
7,671,0
7,672,0
7,673,0
7,674,0.001
7,675,0.001
7,676,0
7,677,-0.001
7,678,0
7,679,0
7,680,-0.001
7,681,0
7,682,0
7,683,-0.001
7,684,-0.002
7,685,0
7,686,0
7,687,-0.001
7,688,-0.002
7,689,-0.001
7,690,0
7,691,0
7,692,0.001
7,693,0
7,694,-0.002
7,695,-0.001
7,696,0.001
7,697,0.001
7,698,0.001
7,699,0.001
7,700,0
7,701,-0.002
7,702,-0.002
7,703,-0.002
7,704,0
7,705,0.002
7,706,0.003
7,707,0.002
7,708,-0.001
7,709,-0.002
7,710,-0.001
7,711,0.001
7,712,0.001
7,713,0
7,714,-0.001
7,715,-0.002
7,716,-0.001
7,717,0
7,718,0
7,719,0
7,720,0
7,721,-0.001
7,722,-0.002
7,723,-0.002
7,724,-0.001
7,725,0
7,726,0
7,727,0
7,728,0
7,729,-0.001
7,730,-0.001
7,731,0
7,732,0
7,733,-0.001
7,734,-0.003
7,735,-0.002
7,736,0
7,737,0.002
7,738,0
7,739,-0.002
7,740,-0.002
7,741,0.001
7,742,-0.002
7,743,-0.004
7,744,-0.003
7,745,-0.003
7,746,-0.002
7,747,-0.003
7,748,-0.002
7,749,-0.001
7,750,0
7,751,-0.001
7,752,-0.001
7,753,-0.002
7,754,-0.003
7,755,-0.001
7,756,0
7,757,-0.002
7,758,-0.003
7,759,0.002
7,760,0.001
7,761,-0.001
7,762,-0.004
7,763,-0.003
7,764,-0.003
7,765,-0.002
7,766,0
7,767,0
7,768,-0.003
7,769,-0.006
7,770,-0.002
7,771,-0.001
7,772,-0.002
7,773,-0.003
7,774,-0.004
7,775,-0.005
7,776,-0.001
7,777,0.001
7,778,-0.003
7,779,-0.006
7,780,0.001
7,781,0.003
7,782,-0.001
7,783,-0.003
7,784,-0.002
7,785,-0.001
7,786,-0.002
7,787,-0.001
7,788,0
7,789,0.001
7,790,0
7,791,-0.006
7,792,-0.008
7,793,-0.005
7,794,-0.002
7,795,0
7,796,-0.004
7,797,-0.004
7,798,-0.003
7,799,0.002
7,800,-0.001
7,801,-0.005
7,802,-0.004
7,803,0.002
7,804,0
7,805,-0.002
7,806,-0.002
7,807,-0.004
7,808,-0.008
7,809,-0.007
7,810,-0.005
7,811,-0.008
7,812,-0.007
7,813,-0.003
7,814,0.003
7,815,0.006
7,816,0.003
7,817,0.003
7,818,0.003
7,819,0.002
7,820,-0.001
7,821,-0.001
7,822,-0.001
7,823,-0.002
7,824,-0.003
7,825,-0.001
7,826,0
7,827,0.001
7,828,0
7,829,0.001
7,830,0.002
7,831,0.002
7,832,-0.001
7,833,-0.001
7,834,-0.001
7,835,-0.001
7,836,-0.003
7,837,0
7,838,-0.003
7,839,-0.009
7,840,-0.005
8,190,0.098
8,191,0.14
8,192,-0.188
8,193,-0.508
8,194,-0.571
8,195,-0.209
8,196,0.347
8,197,0.428
8,198,-0.024
8,199,-0.384
8,200,-0.384
8,201,-0.175
8,202,-0.188
8,203,-0.426
8,204,-0.259
8,205,-0.425
8,206,-0.348
8,207,-0.173
8,208,0.088
8,209,0.407
8,210,0.44
8,211,0.309
8,212,-0.123
8,213,-0.288
8,214,-0.334
8,215,0.09
8,216,0.18
8,217,0.064
8,218,0.085
8,219,0.089
8,220,0.207
8,221,0.175
8,222,0.167
8,223,0.154
8,224,0.163
8,225,0.172
8,226,0.173
8,227,0.179
8,228,0.176
8,229,0.175
8,230,0.172
8,231,0.166
8,232,0.162
8,233,0.161
8,234,0.161
8,235,0.16
8,236,0.159
8,237,0.154
8,238,0.152
8,239,0.148
8,240,0.145
8,241,0.145
8,242,0.144
8,243,0.143
8,244,0.141
8,245,0.139
8,246,0.14
8,247,0.141
8,248,0.14
8,249,0.138
8,250,0.136
8,251,0.134
8,252,0.133
8,253,0.13
8,254,0.129
8,255,0.129
8,256,0.129
8,257,0.127
8,258,0.126
8,259,0.126
8,260,0.127
8,261,0.126
8,262,0.124
8,263,0.122
8,264,0.121
8,265,0.12
8,266,0.119
8,267,0.117
8,268,0.116
8,269,0.115
8,270,0.114
8,271,0.114
8,272,0.112
8,273,0.11
8,274,0.109
8,275,0.108
8,276,0.106
8,277,0.105
8,278,0.102
8,279,0.101
8,280,0.099
8,281,0.098
8,282,0.096
8,283,0.095
8,284,0.094
8,285,0.092
8,286,0.09
8,287,0.089
8,288,0.087
8,289,0.086
8,290,0.085
8,291,0.083
8,292,0.082
8,293,0.081
8,294,0.08
8,295,0.079
8,296,0.078
8,297,0.078
8,298,0.077
8,299,0.075
8,300,0.073
8,301,0.071
8,302,0.071
8,303,0.07
8,304,0.069
8,305,0.068
8,306,0.066
8,307,0.065
8,308,0.065
8,309,0.065
8,310,0.063
8,311,0.062
8,312,0.061
8,313,0.061
8,314,0.061
8,315,0.06
8,316,0.059
8,317,0.057
8,318,0.056
8,319,0.054
8,320,0.053
8,321,0.054
8,322,0.054
8,323,0.053
8,324,0.051
8,325,0.05
8,326,0.05
8,327,0.049
8,328,0.048
8,329,0.047
8,330,0.047
8,331,0.047
8,332,0.046
8,333,0.046
8,334,0.045
8,335,0.044
8,336,0.042
8,337,0.041
8,338,0.042
8,339,0.042
8,340,0.043
8,341,0.041
8,342,0.04
8,343,0.039
8,344,0.038
8,345,0.038
8,346,0.038
8,347,0.038
8,348,0.037
8,349,0.036
8,350,0.036
8,351,0.035
8,352,0.034
8,353,0.033
8,354,0.033
8,355,0.033
8,356,0.033
8,357,0.033
8,358,0.033
8,359,0.032
8,360,0.031
8,361,0.032
8,362,0.03
8,363,0.03
8,364,0.029
8,365,0.029
8,366,0.029
8,367,0.028
8,368,0.028
8,369,0.027
8,370,0.026
8,371,0.026
8,372,0.026
8,373,0.024
8,374,0.024
8,375,0.024
8,376,0.025
8,377,0.025
8,378,0.024
8,379,0.023
8,380,0.021
8,381,0.021
8,382,0.021
8,383,0.021
8,384,0.021
8,385,0.02
8,386,0.021
8,387,0.022
8,388,0.022
8,389,0.02
8,390,0.019
8,391,0.02
8,392,0.02
8,393,0.019
8,394,0.018
8,395,0.018
8,396,0.018
8,397,0.018
8,398,0.016
8,399,0.015
8,400,0.014
8,401,0.014
8,402,0.015
8,403,0.016
8,404,0.016
8,405,0.016
8,406,0.015
8,407,0.015
8,408,0.014
8,409,0.014
8,410,0.014
8,411,0.013
8,412,0.013
8,413,0.012
8,414,0.013
8,415,0.013
8,416,0.013
8,417,0.013
8,418,0.013
8,419,0.013
8,420,0.012
8,421,0.012
8,422,0.012
8,423,0.012
8,424,0.011
8,425,0.011
8,426,0.011
8,427,0.01
8,428,0.01
8,429,0.01
8,430,0.011
8,431,0.011
8,432,0.011
8,433,0.01
8,434,0.01
8,435,0.01
8,436,0.01
8,437,0.01
8,438,0.01
8,439,0.01
8,440,0.009
8,441,0.009
8,442,0.008
8,443,0.008
8,444,0.008
8,445,0.009
8,446,0.009
8,447,0.008
8,448,0.007
8,449,0.008
8,450,0.008
8,451,0.008
8,452,0.008
8,453,0.008
8,454,0.007
8,455,0.007
8,456,0.007
8,457,0.007
8,458,0.007
8,459,0.006
8,460,0.006
8,461,0.007
8,462,0.007
8,463,0.007
8,464,0.006
8,465,0.006
8,466,0.006
8,467,0.006
8,468,0.006
8,469,0.006
8,470,0.006
8,471,0.005
8,472,0.006
8,473,0.005
8,474,0.005
8,475,0.004
8,476,0.004
8,477,0.005
8,478,0.005
8,479,0.005
8,480,0.005
8,481,0.004
8,482,0.004
8,483,0.005
8,484,0.005
8,485,0.006
8,486,0.005
8,487,0.005
8,488,0.005
8,489,0.005
8,490,0.004
8,491,0.004
8,492,0.004
8,493,0.005
8,494,0.004
8,495,0.004
8,496,0.003
8,497,0.003
8,498,0.004
8,499,0.004
8,500,0.003
8,501,0.003
8,502,0.004
8,503,0.005
8,504,0.004
8,505,0.003
8,506,0.003
8,507,0.004
8,508,0.004
8,509,0.003
8,510,0.002
8,511,0.002
8,512,0.003
8,513,0.003
8,514,0.003
8,515,0.002
8,516,0.002
8,517,0.002
8,518,0.002
8,519,0.003
8,520,0.003
8,521,0.003
8,522,0.002
8,523,0.002
8,524,0.002
8,525,0.002
8,526,0.002
8,527,0.002
8,528,0.003
8,529,0.003
8,530,0.003
8,531,0.003
8,532,0.003
8,533,0.003
8,534,0.003
8,535,0.003
8,536,0.003
8,537,0.002
8,538,0.001
8,539,0.002
8,540,0.002
8,541,0.002
8,542,0.002
8,543,0.002
8,544,0.002
8,545,0.002
8,546,0.002
8,547,0.001
8,548,0.001
8,549,0.002
8,550,0
8,551,0.001
8,552,0.001
8,553,0.002
8,554,0.002
8,555,0.002
8,556,0.003
8,557,0.002
8,558,0.002
8,559,0.002
8,560,0.001
8,561,0.001
8,562,0.001
8,563,0.002
8,564,0.002
8,565,0
8,566,0
8,567,-0.001
8,568,0
8,569,0
8,570,0
8,571,0
8,572,0.001
8,573,0.001
8,574,0.001
8,575,0
8,576,0
8,577,0
8,578,0
8,579,0.002
8,580,0.001
8,581,0.001
8,582,0.001
8,583,0.001
8,584,0.001
8,585,0
8,586,0
8,587,0.001
8,588,0.001
8,589,0.002
8,590,0.001
8,591,0.001
8,592,0
8,593,0
8,594,0.001
8,595,0
8,596,0.001
8,597,0.001
8,598,0.001
8,599,0.001
8,600,0.001
8,601,0
8,602,0.001
8,603,0
8,604,0.001
8,605,0
8,606,0.001
8,607,0.001
8,608,0.002
8,609,0.002
8,610,0.001
8,611,0.002
8,612,0.001
8,613,0
8,614,0.001
8,615,0.001
8,616,0.001
8,617,0
8,618,0.001
8,619,0.001
8,620,0.001
8,621,0
8,622,0
8,623,0
8,624,0.001
8,625,0
8,626,0
8,627,0
8,628,0
8,629,0
8,630,-0.001
8,631,-0.001
8,632,0
8,633,-0.001
8,634,0
8,635,0
8,636,0.001
8,637,0.001
8,638,0.001
8,639,0.001
8,640,0.002
8,641,0.001
8,642,0
8,643,0
8,644,0
8,645,0.001
8,646,0.001
8,647,0
8,648,0
8,649,-0.001
8,650,-0.001
8,651,-0.001
8,652,0.001
8,653,0.001
8,654,0.001
8,655,0
8,656,0
8,657,-0.002
8,658,-0.001
8,659,0
8,660,0
8,661,0
8,662,0
8,663,0.001
8,664,0.001
8,665,0.001
8,666,0
8,667,-0.001
8,668,0
8,669,-0.001
8,670,-0.001
8,671,0.001
8,672,0.001
8,673,0.001
8,674,0.001
8,675,0.001
8,676,0
8,677,0
8,678,0.001
8,679,0.001
8,680,0
8,681,0
8,682,0
8,683,-0.001
8,684,-0.002
8,685,0
8,686,0
8,687,-0.001
8,688,-0.001
8,689,0.001
8,690,0.001
8,691,-0.001
8,692,0
8,693,0
8,694,-0.001
8,695,-0.001
8,696,0
8,697,0.002
8,698,0.002
8,699,0.001
8,700,-0.001
8,701,-0.001
8,702,-0.001
8,703,0
8,704,0.001
8,705,0.003
8,706,0.002
8,707,0.001
8,708,-0.001
8,709,-0.002
8,710,-0.001
8,711,0
8,712,0
8,713,0.001
8,714,-0.001
8,715,-0.002
8,716,-0.002
8,717,-0.001
8,718,-0.001
8,719,0.001
8,720,0.002
8,721,0.001
8,722,-0.001
8,723,-0.001
8,724,-0.001
8,725,-0.001
8,726,-0.002
8,727,0
8,728,0.002
8,729,0.001
8,730,0
8,731,0.001
8,732,0.002
8,733,0.001
8,734,-0.001
8,735,0
8,736,-0.001
8,737,0.001
8,738,0.001
8,739,0.001
8,740,0.001
8,741,0.001
8,742,-0.002
8,743,-0.004
8,744,-0.002
8,745,0
8,746,0
8,747,-0.001
8,748,-0.002
8,749,-0.002
8,750,0
8,751,-0.001
8,752,0.001
8,753,0
8,754,0
8,755,0
8,756,0
8,757,-0.002
8,758,-0.001
8,759,0.002
8,760,0.001
8,761,-0.001
8,762,-0.002
8,763,-0.001
8,764,-0.001
8,765,-0.002
8,766,-0.001
8,767,0
8,768,-0.001
8,769,-0.004
8,770,-0.003
8,771,-0.001
8,772,-0.001
8,773,-0.001
8,774,-0.003
8,775,-0.004
8,776,0
8,777,0.003
8,778,-0.001
8,779,-0.005
8,780,-0.003
8,781,0.001
8,782,0
8,783,-0.001
8,784,0
8,785,0.002
8,786,0.003
8,787,0.002
8,788,0.003
8,789,0.002
8,790,-0.002
8,791,-0.006
8,792,-0.005
8,793,-0.001
8,794,0.002
8,795,-0.001
8,796,-0.003
8,797,-0.002
8,798,0.002
8,799,0.005
8,800,0.005
8,801,0
8,802,-0.002
8,803,0.002
8,804,0.003
8,805,0.003
8,806,0
8,807,-0.001
8,808,-0.004
8,809,-0.004
8,810,-0.005
8,811,-0.005
8,812,-0.006
8,813,-0.001
8,814,0.003
8,815,0.008
8,816,0.003
8,817,0.004
8,818,0.002
8,819,0.005
8,820,0.002
8,821,0.002
8,822,0
8,823,0.001
8,824,0
8,825,0.001
8,826,0.001
8,827,0.002
8,828,0
8,829,0.001
8,830,0.001
8,831,0.003
8,832,0.003
8,833,0.006
8,834,0.005
8,835,0.004
8,836,0.002
8,837,0.003
8,838,-0.003
8,839,-0.01
8,840,-0.001
9,190,0.459
9,191,0.451
9,192,0.076
9,193,-0.322
9,194,-0.537
9,195,-0.337
9,196,0.052
9,197,0.199
9,198,0.123
9,199,-0.316
9,200,-0.656
9,201,-0.485
9,202,-0.396
9,203,-0.28
9,204,-0.143
9,205,-0.446
9,206,-0.532
9,207,-0.164
9,208,0.266
9,209,0.602
9,210,0.25
9,211,-0.259
9,212,-0.532
9,213,-0.378
9,214,-0.24
9,215,-0.024
9,216,0.101
9,217,0.046
9,218,0.124
9,219,0.089
9,220,0.163
9,221,0.169
9,222,0.157
9,223,0.153
9,224,0.165
9,225,0.168
9,226,0.169
9,227,0.17
9,228,0.169
9,229,0.167
9,230,0.166
9,231,0.164
9,232,0.161
9,233,0.157
9,234,0.154
9,235,0.152
9,236,0.152
9,237,0.149
9,238,0.145
9,239,0.14
9,240,0.136
9,241,0.138
9,242,0.139
9,243,0.137
9,244,0.135
9,245,0.134
9,246,0.135
9,247,0.136
9,248,0.135
9,249,0.134
9,250,0.132
9,251,0.131
9,252,0.129
9,253,0.126
9,254,0.124
9,255,0.123
9,256,0.123
9,257,0.123
9,258,0.123
9,259,0.124
9,260,0.124
9,261,0.122
9,262,0.121
9,263,0.119
9,264,0.117
9,265,0.116
9,266,0.114
9,267,0.113
9,268,0.112
9,269,0.112
9,270,0.112
9,271,0.111
9,272,0.109
9,273,0.107
9,274,0.106
9,275,0.105
9,276,0.104
9,277,0.102
9,278,0.1
9,279,0.098
9,280,0.097
9,281,0.095
9,282,0.094
9,283,0.092
9,284,0.091
9,285,0.089
9,286,0.087
9,287,0.086
9,288,0.085
9,289,0.084
9,290,0.082
9,291,0.08
9,292,0.079
9,293,0.079
9,294,0.078
9,295,0.077
9,296,0.076
9,297,0.076
9,298,0.074
9,299,0.072
9,300,0.07
9,301,0.068
9,302,0.067
9,303,0.067
9,304,0.067
9,305,0.066
9,306,0.064
9,307,0.063
9,308,0.062
9,309,0.062
9,310,0.061
9,311,0.059
9,312,0.058
9,313,0.058
9,314,0.057
9,315,0.056
9,316,0.056
9,317,0.055
9,318,0.054
9,319,0.052
9,320,0.05
9,321,0.051
9,322,0.05
9,323,0.05
9,324,0.049
9,325,0.048
9,326,0.047
9,327,0.046
9,328,0.045
9,329,0.045
9,330,0.044
9,331,0.044
9,332,0.044
9,333,0.043
9,334,0.043
9,335,0.042
9,336,0.04
9,337,0.038
9,338,0.038
9,339,0.039
9,340,0.04
9,341,0.039
9,342,0.038
9,343,0.037
9,344,0.036
9,345,0.036
9,346,0.035
9,347,0.035
9,348,0.034
9,349,0.034
9,350,0.032
9,351,0.032
9,352,0.032
9,353,0.031
9,354,0.031
9,355,0.03
9,356,0.031
9,357,0.031
9,358,0.03
9,359,0.03
9,360,0.028
9,361,0.029
9,362,0.028
9,363,0.028
9,364,0.026
9,365,0.026
9,366,0.027
9,367,0.025
9,368,0.025
9,369,0.024
9,370,0.023
9,371,0.024
9,372,0.024
9,373,0.023
9,374,0.023
9,375,0.021
9,376,0.022
9,377,0.021
9,378,0.02
9,379,0.02
9,380,0.019
9,381,0.019
9,382,0.018
9,383,0.018
9,384,0.018
9,385,0.017
9,386,0.018
9,387,0.019
9,388,0.018
9,389,0.017
9,390,0.017
9,391,0.017
9,392,0.017
9,393,0.016
9,394,0.016
9,395,0.015
9,396,0.015
9,397,0.014
9,398,0.013
9,399,0.012
9,400,0.011
9,401,0.011
9,402,0.012
9,403,0.012
9,404,0.012
9,405,0.012
9,406,0.012
9,407,0.012
9,408,0.011
9,409,0.01
9,410,0.011
9,411,0.011
9,412,0.01
9,413,0.01
9,414,0.01
9,415,0.011
9,416,0.011
9,417,0.01
9,418,0.009
9,419,0.009
9,420,0.009
9,421,0.009
9,422,0.008
9,423,0.009
9,424,0.009
9,425,0.008
9,426,0.007
9,427,0.007
9,428,0.007
9,429,0.008
9,430,0.008
9,431,0.008
9,432,0.007
9,433,0.007
9,434,0.007
9,435,0.006
9,436,0.006
9,437,0.006
9,438,0.006
9,439,0.006
9,440,0.007
9,441,0.007
9,442,0.005
9,443,0.004
9,444,0.005
9,445,0.006
9,446,0.006
9,447,0.005
9,448,0.004
9,449,0.005
9,450,0.005
9,451,0.005
9,452,0.006
9,453,0.005
9,454,0.004
9,455,0.003
9,456,0.003
9,457,0.004
9,458,0.004
9,459,0.003
9,460,0.003
9,461,0.003
9,462,0.003
9,463,0.003
9,464,0.003
9,465,0.002
9,466,0.002
9,467,0.003
9,468,0.003
9,469,0.003
9,470,0.002
9,471,0.002
9,472,0.002
9,473,0.001
9,474,0.001
9,475,0.001
9,476,0.001
9,477,0.001
9,478,0.001
9,479,0.002
9,480,0.002
9,481,0.001
9,482,0.001
9,483,0.001
9,484,0.002
9,485,0.003
9,486,0.002
9,487,0.002
9,488,0.002
9,489,0.002
9,490,0.001
9,491,0.001
9,492,0.001
9,493,0.001
9,494,0.001
9,495,0.001
9,496,0
9,497,0
9,498,0.001
9,499,0.001
9,500,0
9,501,-0.001
9,502,0
9,503,0
9,504,0
9,505,-0.001
9,506,0
9,507,0
9,508,0
9,509,-0.001
9,510,-0.001
9,511,-0.001
9,512,0
9,513,0
9,514,0
9,515,0
9,516,-0.001
9,517,-0.001
9,518,0
9,519,0
9,520,0
9,521,-0.001
9,522,-0.002
9,523,-0.002
9,524,-0.001
9,525,-0.001
9,526,0
9,527,-0.001
9,528,0
9,529,0
9,530,0
9,531,0.001
9,532,0
9,533,0
9,534,-0.001
9,535,-0.001
9,536,-0.001
9,537,-0.001
9,538,-0.001
9,539,-0.001
9,540,-0.001
9,541,-0.002
9,542,-0.001
9,543,-0.001
9,544,-0.001
9,545,-0.001
9,546,-0.001
9,547,-0.002
9,548,-0.001
9,549,-0.001
9,550,-0.002
9,551,-0.003
9,552,-0.003
9,553,-0.002
9,554,-0.002
9,555,-0.002
9,556,-0.002
9,557,-0.001
9,558,0
9,559,-0.001
9,560,-0.002
9,561,-0.002
9,562,-0.003
9,563,-0.002
9,564,-0.002
9,565,-0.003
9,566,-0.003
9,567,-0.003
9,568,-0.004
9,569,-0.004
9,570,-0.004
9,571,-0.003
9,572,-0.002
9,573,-0.002
9,574,-0.002
9,575,-0.003
9,576,-0.003
9,577,-0.003
9,578,-0.003
9,579,-0.002
9,580,-0.003
9,581,-0.003
9,582,-0.004
9,583,-0.003
9,584,-0.003
9,585,-0.003
9,586,-0.004
9,587,-0.003
9,588,-0.002
9,589,-0.002
9,590,-0.002
9,591,-0.002
9,592,-0.003
9,593,-0.002
9,594,-0.002
9,595,-0.003
9,596,-0.002
9,597,-0.002
9,598,-0.002
9,599,-0.004
9,600,-0.005
9,601,-0.005
9,602,-0.003
9,603,-0.004
9,604,-0.003
9,605,-0.003
9,606,-0.003
9,607,-0.002
9,608,-0.001
9,609,0
9,610,-0.002
9,611,-0.003
9,612,-0.003
9,613,-0.003
9,614,-0.003
9,615,-0.003
9,616,-0.003
9,617,-0.003
9,618,-0.003
9,619,-0.004
9,620,-0.004
9,621,-0.004
9,622,-0.004
9,623,-0.003
9,624,-0.003
9,625,-0.003
9,626,-0.003
9,627,-0.003
9,628,-0.004
9,629,-0.004
9,630,-0.004
9,631,-0.004
9,632,-0.003
9,633,-0.003
9,634,-0.004
9,635,-0.004
9,636,-0.003
9,637,-0.002
9,638,-0.003
9,639,-0.003
9,640,-0.001
9,641,-0.001
9,642,-0.003
9,643,-0.003
9,644,-0.003
9,645,-0.003
9,646,-0.004
9,647,-0.004
9,648,-0.004
9,649,-0.004
9,650,-0.004
9,651,-0.003
9,652,-0.002
9,653,-0.003
9,654,-0.004
9,655,-0.003
9,656,-0.003
9,657,-0.004
9,658,-0.004
9,659,-0.004
9,660,-0.004
9,661,-0.004
9,662,-0.003
9,663,-0.003
9,664,-0.003
9,665,-0.003
9,666,-0.004
9,667,-0.005
9,668,-0.005
9,669,-0.004
9,670,-0.004
9,671,-0.003
9,672,-0.003
9,673,-0.003
9,674,-0.002
9,675,-0.002
9,676,-0.002
9,677,-0.004
9,678,-0.003
9,679,-0.002
9,680,-0.002
9,681,-0.002
9,682,-0.003
9,683,-0.005
9,684,-0.006
9,685,-0.004
9,686,-0.003
9,687,-0.004
9,688,-0.004
9,689,-0.003
9,690,-0.003
9,691,-0.004
9,692,-0.003
9,693,-0.003
9,694,-0.005
9,695,-0.005
9,696,-0.002
9,697,-0.001
9,698,-0.002
9,699,-0.003
9,700,-0.003
9,701,-0.004
9,702,-0.004
9,703,-0.004
9,704,-0.003
9,705,-0.002
9,706,-0.002
9,707,-0.002
9,708,-0.003
9,709,-0.004
9,710,-0.004
9,711,-0.004
9,712,-0.004
9,713,-0.003
9,714,-0.003
9,715,-0.004
9,716,-0.003
9,717,-0.004
9,718,-0.004
9,719,-0.002
9,720,-0.002
9,721,-0.004
9,722,-0.007
9,723,-0.007
9,724,-0.005
9,725,-0.004
9,726,-0.004
9,727,-0.004
9,728,-0.003
9,729,-0.004
9,730,-0.004
9,731,-0.004
9,732,-0.004
9,733,-0.004
9,734,-0.005
9,735,-0.005
9,736,-0.003
9,737,-0.002
9,738,-0.002
9,739,-0.003
9,740,-0.003
9,741,-0.003
9,742,-0.005
9,743,-0.006
9,744,-0.004
9,745,-0.004
9,746,-0.003
9,747,-0.004
9,748,-0.005
9,749,-0.003
9,750,0
9,751,0
9,752,-0.003
9,753,-0.004
9,754,-0.005
9,755,-0.003
9,756,-0.003
9,757,-0.006
9,758,-0.006
9,759,-0.003
9,760,-0.003
9,761,-0.004
9,762,-0.004
9,763,-0.004
9,764,-0.005
9,765,-0.005
9,766,-0.003
9,767,-0.002
9,768,-0.003
9,769,-0.007
9,770,-0.004
9,771,-0.003
9,772,-0.004
9,773,-0.005
9,774,-0.006
9,775,-0.007
9,776,-0.002
9,777,-0.001
9,778,-0.006
9,779,-0.008
9,780,-0.004
9,781,0.001
9,782,-0.001
9,783,-0.003
9,784,-0.004
9,785,0.001
9,786,0.001
9,787,0
9,788,-0.003
9,789,-0.004
9,790,-0.004
9,791,-0.006
9,792,-0.006
9,793,-0.004
9,794,-0.003
9,795,-0.002
9,796,-0.004
9,797,-0.002
9,798,-0.002
9,799,0
9,800,-0.002
9,801,-0.003
9,802,-0.001
9,803,0.001
9,804,-0.001
9,805,-0.002
9,806,-0.003
9,807,-0.004
9,808,-0.008
9,809,-0.008
9,810,-0.005
9,811,-0.007
9,812,-0.006
9,813,-0.004
9,814,-0.003
9,815,-0.001
9,816,-0.002
9,817,0.002
9,818,-0.002
9,819,-0.001
9,820,-0.004
9,821,-0.002
9,822,-0.002
9,823,-0.002
9,824,-0.004
9,825,-0.001
9,826,0
9,827,0
9,828,-0.003
9,829,-0.001
9,830,-0.002
9,831,0.001
9,832,0
9,833,0.002
9,834,0.001
9,835,0
9,836,-0.003
9,837,0
9,838,-0.005
9,839,-0.012
9,840,-0.007
10,190,0.228
10,191,0.4
10,192,0.326
10,193,0.039
10,194,-0.322
10,195,-0.264
10,196,-0.053
10,197,0.004
10,198,-0.053
10,199,-0.38
10,200,-0.554
10,201,-0.432
10,202,-0.401
10,203,-0.273
10,204,-0.196
10,205,-0.302
10,206,-0.381
10,207,-0.076
10,208,0.222
10,209,0.401
10,210,0.286
10,211,-0.106
10,212,-0.327
10,213,-0.294
10,214,-0.11
10,215,0.151
10,216,0.155
10,217,-0.002
10,218,0.068
10,219,0.16
10,220,0.227
10,221,0.198
10,222,0.207
10,223,0.209
10,224,0.213
10,225,0.221
10,226,0.22
10,227,0.22
10,228,0.226
10,229,0.226
10,230,0.223
10,231,0.217
10,232,0.213
10,233,0.21
10,234,0.207
10,235,0.205
10,236,0.2
10,237,0.198
10,238,0.192
10,239,0.189
10,240,0.186
10,241,0.185
10,242,0.186
10,243,0.184
10,244,0.181
10,245,0.179
10,246,0.179
10,247,0.18
10,248,0.178
10,249,0.175
10,250,0.172
10,251,0.171
10,252,0.171
10,253,0.168
10,254,0.165
10,255,0.163
10,256,0.163
10,257,0.163
10,258,0.163
10,259,0.163
10,260,0.163
10,261,0.161
10,262,0.158
10,263,0.156
10,264,0.154
10,265,0.152
10,266,0.151
10,267,0.15
10,268,0.148
10,269,0.148
10,270,0.147
10,271,0.147
10,272,0.145
10,273,0.143
10,274,0.141
10,275,0.14
10,276,0.138
10,277,0.136
10,278,0.135
10,279,0.134
10,280,0.131
10,281,0.129
10,282,0.127
10,283,0.126
10,284,0.125
10,285,0.123
10,286,0.121
10,287,0.119
10,288,0.118
10,289,0.117
10,290,0.115
10,291,0.113
10,292,0.112
10,293,0.111
10,294,0.11
10,295,0.108
10,296,0.106
10,297,0.105
10,298,0.103
10,299,0.101
10,300,0.099
10,301,0.097
10,302,0.097
10,303,0.096
10,304,0.095
10,305,0.095
10,306,0.092
10,307,0.091
10,308,0.089
10,309,0.089
10,310,0.088
10,311,0.086
10,312,0.085
10,313,0.084
10,314,0.084
10,315,0.083
10,316,0.082
10,317,0.08
10,318,0.078
10,319,0.077
10,320,0.075
10,321,0.076
10,322,0.076
10,323,0.076
10,324,0.074
10,325,0.072
10,326,0.071
10,327,0.069
10,328,0.068
10,329,0.068
10,330,0.068
10,331,0.067
10,332,0.066
10,333,0.066
10,334,0.065
10,335,0.064
10,336,0.062
10,337,0.06
10,338,0.059
10,339,0.059
10,340,0.06
10,341,0.059
10,342,0.058
10,343,0.057
10,344,0.056
10,345,0.056
10,346,0.056
10,347,0.055
10,348,0.054
10,349,0.054
10,350,0.053
10,351,0.052
10,352,0.051
10,353,0.05
10,354,0.05
10,355,0.049
10,356,0.049
10,357,0.049
10,358,0.048
10,359,0.048
10,360,0.046
10,361,0.048
10,362,0.047
10,363,0.045
10,364,0.044
10,365,0.043
10,366,0.044
10,367,0.043
10,368,0.042
10,369,0.04
10,370,0.04
10,371,0.041
10,372,0.041
10,373,0.04
10,374,0.039
10,375,0.038
10,376,0.038
10,377,0.038
10,378,0.037
10,379,0.036
10,380,0.035
10,381,0.035
10,382,0.034
10,383,0.034
10,384,0.034
10,385,0.033
10,386,0.033
10,387,0.033
10,388,0.033
10,389,0.032
10,390,0.03
10,391,0.031
10,392,0.032
10,393,0.032
10,394,0.032
10,395,0.03
10,396,0.029
10,397,0.028
10,398,0.027
10,399,0.027
10,400,0.026
10,401,0.025
10,402,0.025
10,403,0.026
10,404,0.026
10,405,0.027
10,406,0.026
10,407,0.026
10,408,0.025
10,409,0.025
10,410,0.025
10,411,0.025
10,412,0.024
10,413,0.023
10,414,0.024
10,415,0.024
10,416,0.024
10,417,0.023
10,418,0.022
10,419,0.022
10,420,0.022
10,421,0.021
10,422,0.021
10,423,0.021
10,424,0.02
10,425,0.02
10,426,0.019
10,427,0.019
10,428,0.019
10,429,0.019
10,430,0.02
10,431,0.02
10,432,0.02
10,433,0.019
10,434,0.019
10,435,0.018
10,436,0.018
10,437,0.018
10,438,0.018
10,439,0.018
10,440,0.017
10,441,0.017
10,442,0.017
10,443,0.016
10,444,0.017
10,445,0.017
10,446,0.017
10,447,0.015
10,448,0.015
10,449,0.015
10,450,0.015
10,451,0.015
10,452,0.015
10,453,0.015
10,454,0.014
10,455,0.014
10,456,0.014
10,457,0.015
10,458,0.014
10,459,0.014
10,460,0.013
10,461,0.013
10,462,0.012
10,463,0.013
10,464,0.013
10,465,0.013
10,466,0.013
10,467,0.013
10,468,0.012
10,469,0.01
10,470,0.009
10,471,0.009
10,472,0.011
10,473,0.011
10,474,0.011
10,475,0.01
10,476,0.01
10,477,0.01
10,478,0.01
10,479,0.011
10,480,0.01
10,481,0.01
10,482,0.009
10,483,0.01
10,484,0.01
10,485,0.011
10,486,0.01
10,487,0.01
10,488,0.01
10,489,0.009
10,490,0.008
10,491,0.008
10,492,0.008
10,493,0.009
10,494,0.009
10,495,0.008
10,496,0.008
10,497,0.008
10,498,0.009
10,499,0.009
10,500,0.008
10,501,0.008
10,502,0.008
10,503,0.009
10,504,0.009
10,505,0.008
10,506,0.006
10,507,0.006
10,508,0.007
10,509,0.008
10,510,0.008
10,511,0.007
10,512,0.007
10,513,0.007
10,514,0.007
10,515,0.007
10,516,0.007
10,517,0.007
10,518,0.007
10,519,0.007
10,520,0.007
10,521,0.007
10,522,0.006
10,523,0.005
10,524,0.006
10,525,0.007
10,526,0.006
10,527,0.005
10,528,0.006
10,529,0.007
10,530,0.007
10,531,0.007
10,532,0.007
10,533,0.006
10,534,0.006
10,535,0.005
10,536,0.006
10,537,0.006
10,538,0.005
10,539,0.004
10,540,0.005
10,541,0.005
10,542,0.005
10,543,0.005
10,544,0.005
10,545,0.005
10,546,0.004
10,547,0.004
10,548,0.004
10,549,0.004
10,550,0.003
10,551,0.003
10,552,0.003
10,553,0.003
10,554,0.005
10,555,0.005
10,556,0.004
10,557,0.004
10,558,0.003
10,559,0.003
10,560,0.003
10,561,0.003
10,562,0.004
10,563,0.004
10,564,0.005
10,565,0.003
10,566,0.002
10,567,0.001
10,568,0.001
10,569,0.001
10,570,0.002
10,571,0.003
10,572,0.003
10,573,0.002
10,574,0.002
10,575,0.002
10,576,0.002
10,577,0.002
10,578,0.001
10,579,0.003
10,580,0
10,581,0.001
10,582,0.001
10,583,0.002
10,584,0.003
10,585,0.001
10,586,0.001
10,587,0.002
10,588,0.002
10,589,0.003
10,590,0.002
10,591,0.003
10,592,0.001
10,593,0.001
10,594,0.003
10,595,0.002
10,596,0.003
10,597,0.002
10,598,0.002
10,599,0.001
10,600,0
10,601,0
10,602,0.001
10,603,0.001
10,604,0.002
10,605,0.001
10,606,0.001
10,607,0.002
10,608,0.004
10,609,0.004
10,610,0.002
10,611,0.002
10,612,0.002
10,613,0.002
10,614,0.002
10,615,0.002
10,616,0.002
10,617,0.002
10,618,0.002
10,619,0.001
10,620,0.001
10,621,0
10,622,0
10,623,0.001
10,624,0.002
10,625,0.001
10,626,0
10,627,0.001
10,628,0
10,629,0.001
10,630,-0.001
10,631,-0.001
10,632,0.001
10,633,0
10,634,-0.001
10,635,0
10,636,0.001
10,637,0.001
10,638,0.001
10,639,0.002
10,640,0.002
10,641,0.001
10,642,0
10,643,-0.001
10,644,0
10,645,0
10,646,0.001
10,647,0.001
10,648,0.001
10,649,0
10,650,-0.001
10,651,-0.001
10,652,0.001
10,653,0
10,654,0
10,655,0
10,656,0
10,657,-0.001
10,658,-0.001
10,659,-0.001
10,660,0.001
10,661,0.001
10,662,0
10,663,0
10,664,0
10,665,0
10,666,0
10,667,0
10,668,0
10,669,0
10,670,0
10,671,0
10,672,-0.001
10,673,-0.001
10,674,0
10,675,0.001
10,676,0.001
10,677,0
10,678,0
10,679,0.001
10,680,0
10,681,0.001
10,682,-0.001
10,683,-0.002
10,684,-0.002
10,685,-0.001
10,686,0
10,687,-0.001
10,688,-0.002
10,689,0
10,690,0
10,691,-0.001
10,692,0
10,693,0
10,694,-0.001
10,695,-0.002
10,696,0
10,697,0
10,698,0
10,699,-0.001
10,700,-0.001
10,701,-0.001
10,702,-0.002
10,703,-0.002
10,704,0
10,705,0.001
10,706,0.001
10,707,0.001
10,708,0
10,709,-0.002
10,710,-0.002
10,711,-0.001
10,712,0
10,713,0
10,714,-0.002
10,715,-0.003
10,716,-0.001
10,717,-0.001
10,718,-0.001
10,719,0
10,720,-0.001
10,721,-0.001
10,722,-0.001
10,723,0
10,724,0
10,725,-0.001
10,726,-0.001
10,727,0
10,728,0
10,729,0
10,730,0
10,731,-0.001
10,732,-0.001
10,733,-0.002
10,734,-0.003
10,735,-0.001
10,736,0.001
10,737,0
10,738,-0.003
10,739,-0.003
10,740,-0.001
10,741,0
10,742,-0.003
10,743,-0.004
10,744,0
10,745,0
10,746,-0.001
10,747,-0.002
10,748,-0.002
10,749,0
10,750,0
10,751,0.001
10,752,-0.002
10,753,-0.001
10,754,-0.004
10,755,-0.002
10,756,-0.001
10,757,-0.001
10,758,-0.002
10,759,-0.001
10,760,-0.002
10,761,-0.003
10,762,-0.004
10,763,-0.002
10,764,-0.003
10,765,-0.004
10,766,-0.003
10,767,-0.002
10,768,-0.003
10,769,-0.006
10,770,-0.005
10,771,-0.003
10,772,-0.003
10,773,-0.002
10,774,-0.002
10,775,-0.005
10,776,-0.002
10,777,-0.001
10,778,-0.005
10,779,-0.007
10,780,-0.003
10,781,-0.001
10,782,0
10,783,0
10,784,-0.002
10,785,0
10,786,0.001
10,787,0
10,788,-0.001
10,789,0.001
10,790,-0.001
10,791,-0.005
10,792,-0.007
10,793,-0.002
10,794,0
10,795,0.001
10,796,-0.003
10,797,-0.004
10,798,-0.004
10,799,0.002
10,800,0.002
10,801,0
10,802,-0.001
10,803,0.002
10,804,0.003
10,805,0.003
10,806,0.001
10,807,-0.004
10,808,-0.009
10,809,-0.006
10,810,-0.005
10,811,-0.003
10,812,-0.001
10,813,-0.001
10,814,-0.005
10,815,-0.001
10,816,0.001
10,817,0.002
10,818,0.001
10,819,0.004
10,820,0.002
10,821,0.001
10,822,0
10,823,-0.002
10,824,-0.002
10,825,-0.002
10,826,-0.001
10,827,0
10,828,-0.001
10,829,0.001
10,830,0.003
10,831,0.003
10,832,-0.002
10,833,0.001
10,834,0.003
10,835,0.003
10,836,-0.001
10,837,0.003
10,838,0.001
10,839,-0.004
10,840,-0.002
11,190,0.336
11,191,0.286
11,192,-0.09
11,193,-0.202
11,194,-0.369
11,195,-0.244
11,196,0.06
11,197,0.177
11,198,0.271
11,199,-0.237
11,200,-0.693
11,201,-0.655
11,202,-0.453
11,203,-0.149
11,204,0.1
11,205,-0.017
11,206,-0.087
11,207,-0.184
11,208,-0.114
11,209,0.189
11,210,0.185
11,211,-0.122
11,212,-0.356
11,213,-0.289
11,214,-0.087
11,215,0.154
11,216,0.105
11,217,0.072
11,218,0.087
11,219,0.091
11,220,0.202
11,221,0.168
11,222,0.181
11,223,0.18
11,224,0.18
11,225,0.187
11,226,0.188
11,227,0.19
11,228,0.191
11,229,0.192
11,230,0.19
11,231,0.186
11,232,0.18
11,233,0.177
11,234,0.177
11,235,0.174
11,236,0.174
11,237,0.17
11,238,0.165
11,239,0.163
11,240,0.159
11,241,0.159
11,242,0.158
11,243,0.156
11,244,0.155
11,245,0.155
11,246,0.156
11,247,0.157
11,248,0.154
11,249,0.152
11,250,0.151
11,251,0.15
11,252,0.149
11,253,0.145
11,254,0.142
11,255,0.141
11,256,0.141
11,257,0.141
11,258,0.142
11,259,0.143
11,260,0.143
11,261,0.142
11,262,0.139
11,263,0.137
11,264,0.136
11,265,0.134
11,266,0.133
11,267,0.13
11,268,0.129
11,269,0.128
11,270,0.127
11,271,0.127
11,272,0.125
11,273,0.124
11,274,0.122
11,275,0.121
11,276,0.119
11,277,0.117
11,278,0.114
11,279,0.113
11,280,0.111
11,281,0.109
11,282,0.108
11,283,0.106
11,284,0.104
11,285,0.103
11,286,0.1
11,287,0.099
11,288,0.098
11,289,0.097
11,290,0.095
11,291,0.092
11,292,0.091
11,293,0.091
11,294,0.09
11,295,0.088
11,296,0.087
11,297,0.086
11,298,0.085
11,299,0.083
11,300,0.08
11,301,0.079
11,302,0.078
11,303,0.077
11,304,0.078
11,305,0.077
11,306,0.075
11,307,0.073
11,308,0.072
11,309,0.072
11,310,0.071
11,311,0.069
11,312,0.067
11,313,0.066
11,314,0.066
11,315,0.065
11,316,0.064
11,317,0.063
11,318,0.062
11,319,0.06
11,320,0.059
11,321,0.059
11,322,0.059
11,323,0.059
11,324,0.058
11,325,0.056
11,326,0.056
11,327,0.055
11,328,0.054
11,329,0.053
11,330,0.052
11,331,0.051
11,332,0.051
11,333,0.05
11,334,0.05
11,335,0.049
11,336,0.048
11,337,0.047
11,338,0.046
11,339,0.046
11,340,0.047
11,341,0.046
11,342,0.045
11,343,0.044
11,344,0.043
11,345,0.043
11,346,0.042
11,347,0.042
11,348,0.041
11,349,0.041
11,350,0.04
11,351,0.039
11,352,0.038
11,353,0.037
11,354,0.038
11,355,0.037
11,356,0.037
11,357,0.037
11,358,0.036
11,359,0.036
11,360,0.035
11,361,0.035
11,362,0.034
11,363,0.034
11,364,0.033
11,365,0.032
11,366,0.032
11,367,0.031
11,368,0.031
11,369,0.03
11,370,0.029
11,371,0.03
11,372,0.029
11,373,0.029
11,374,0.029
11,375,0.028
11,376,0.028
11,377,0.027
11,378,0.026
11,379,0.026
11,380,0.025
11,381,0.026
11,382,0.025
11,383,0.025
11,384,0.024
11,385,0.023
11,386,0.024
11,387,0.024
11,388,0.024
11,389,0.022
11,390,0.021
11,391,0.022
11,392,0.022
11,393,0.022
11,394,0.021
11,395,0.021
11,396,0.02
11,397,0.02
11,398,0.019
11,399,0.018
11,400,0.017
11,401,0.017
11,402,0.017
11,403,0.018
11,404,0.018
11,405,0.018
11,406,0.018
11,407,0.018
11,408,0.016
11,409,0.016
11,410,0.016
11,411,0.016
11,412,0.016
11,413,0.014
11,414,0.015
11,415,0.016
11,416,0.016
11,417,0.016
11,418,0.015
11,419,0.015
11,420,0.015
11,421,0.014
11,422,0.014
11,423,0.014
11,424,0.013
11,425,0.013
11,426,0.013
11,427,0.013
11,428,0.013
11,429,0.013
11,430,0.013
11,431,0.013
11,432,0.013
11,433,0.012
11,434,0.012
11,435,0.011
11,436,0.011
11,437,0.011
11,438,0.012
11,439,0.011
11,440,0.011
11,441,0.011
11,442,0.01
11,443,0.01
11,444,0.01
11,445,0.011
11,446,0.011
11,447,0.01
11,448,0.01
11,449,0.01
11,450,0.01
11,451,0.01
11,452,0.01
11,453,0.01
11,454,0.009
11,455,0.008
11,456,0.009
11,457,0.009
11,458,0.009
11,459,0.008
11,460,0.008
11,461,0.009
11,462,0.008
11,463,0.008
11,464,0.007
11,465,0.007
11,466,0.007
11,467,0.008
11,468,0.007
11,469,0.007
11,470,0.007
11,471,0.007
11,472,0.008
11,473,0.006
11,474,0.006
11,475,0.006
11,476,0.006
11,477,0.006
11,478,0.006
11,479,0.007
11,480,0.006
11,481,0.006
11,482,0.006
11,483,0.006
11,484,0.007
11,485,0.007
11,486,0.007
11,487,0.006
11,488,0.006
11,489,0.006
11,490,0.006
11,491,0.005
11,492,0.005
11,493,0.005
11,494,0.006
11,495,0.005
11,496,0.005
11,497,0.004
11,498,0.005
11,499,0.006
11,500,0.005
11,501,0.004
11,502,0.004
11,503,0.005
11,504,0.005
11,505,0.004
11,506,0.004
11,507,0.005
11,508,0.005
11,509,0.005
11,510,0.004
11,511,0.003
11,512,0.004
11,513,0.005
11,514,0.005
11,515,0.004
11,516,0.003
11,517,0.004
11,518,0.004
11,519,0.004
11,520,0.004
11,521,0.003
11,522,0.002
11,523,0.002
11,524,0.003
11,525,0.004
11,526,0.004
11,527,0.004
11,528,0.004
11,529,0.005
11,530,0.005
11,531,0.005
11,532,0.004
11,533,0.004
11,534,0.004
11,535,0.004
11,536,0.004
11,537,0.004
11,538,0.004
11,539,0.003
11,540,0.003
11,541,0.003
11,542,0.003
11,543,0.003
11,544,0.003
11,545,0.003
11,546,0.003
11,547,0.002
11,548,0.003
11,549,0.004
11,550,0.003
11,551,0.002
11,552,0.002
11,553,0.002
11,554,0.003
11,555,0.002
11,556,0.002
11,557,0.003
11,558,0.003
11,559,0.003
11,560,0.002
11,561,0.002
11,562,0.002
11,563,0.003
11,564,0.003
11,565,0.002
11,566,0.001
11,567,0
11,568,0
11,569,0
11,570,0.001
11,571,0.003
11,572,0.003
11,573,0.002
11,574,0.002
11,575,0.001
11,576,0.002
11,577,0.001
11,578,0.001
11,579,0.002
11,580,0.002
11,581,0.002
11,582,0.001
11,583,0.001
11,584,0.002
11,585,0.002
11,586,0.002
11,587,0.002
11,588,0.003
11,589,0.003
11,590,0.002
11,591,0.003
11,592,0.002
11,593,0.002
11,594,0.002
11,595,0.001
11,596,0.002
11,597,0.002
11,598,0.001
11,599,0.001
11,600,0
11,601,0.001
11,602,0.002
11,603,0.001
11,604,0.002
11,605,0.002
11,606,0.003
11,607,0.002
11,608,0.003
11,609,0.003
11,610,0.001
11,611,0.001
11,612,0.001
11,613,0.001
11,614,0.002
11,615,0.002
11,616,0.003
11,617,0.002
11,618,0.001
11,619,0
11,620,0.001
11,621,0.002
11,622,0.002
11,623,0.001
11,624,0.002
11,625,0.002
11,626,0.001
11,627,0.002
11,628,0.001
11,629,0.001
11,630,0.001
11,631,0.001
11,632,0.001
11,633,0.002
11,634,0.001
11,635,0
11,636,0.001
11,637,0.001
11,638,0.001
11,639,0.002
11,640,0.003
11,641,0.003
11,642,0.002
11,643,0.001
11,644,0.001
11,645,0.001
11,646,0.002
11,647,0.001
11,648,0
11,649,-0.001
11,650,-0.001
11,651,0.001
11,652,0.002
11,653,0.001
11,654,0.001
11,655,0.001
11,656,0.001
11,657,0
11,658,0.001
11,659,0.002
11,660,0.002
11,661,0.001
11,662,0.001
11,663,0.001
11,664,0.001
11,665,0.001
11,666,0
11,667,0
11,668,0
11,669,0.001
11,670,0.001
11,671,0.002
11,672,0.001
11,673,0.001
11,674,0.003
11,675,0.003
11,676,0.002
11,677,0.001
11,678,0
11,679,0.001
11,680,0.001
11,681,0.001
11,682,0.001
11,683,0
11,684,-0.001
11,685,0
11,686,0
11,687,0
11,688,0
11,689,0.002
11,690,0.002
11,691,0.001
11,692,0.001
11,693,0.001
11,694,0.001
11,695,0.001
11,696,0.003
11,697,0.003
11,698,0.002
11,699,0.001
11,700,0.001
11,701,0.001
11,702,0
11,703,0
11,704,0.002
11,705,0.003
11,706,0.004
11,707,0.004
11,708,0.002
11,709,-0.001
11,710,-0.001
11,711,0.002
11,712,0.002
11,713,0.001
11,714,-0.001
11,715,-0.001
11,716,0
11,717,0
11,718,0
11,719,0.001
11,720,0.001
11,721,0.001
11,722,-0.001
11,723,-0.002
11,724,-0.002
11,725,0
11,726,0
11,727,0.001
11,728,0
11,729,-0.001
11,730,-0.001
11,731,0
11,732,0.001
11,733,0.001
11,734,0
11,735,0.001
11,736,0.002
11,737,0.002
11,738,0.001
11,739,0
11,740,0
11,741,0.001
11,742,-0.001
11,743,-0.002
11,744,0.001
11,745,0.001
11,746,0.003
11,747,0.001
11,748,0.001
11,749,-0.001
11,750,0
11,751,0
11,752,0.002
11,753,0
11,754,-0.001
11,755,0.001
11,756,0.002
11,757,0.002
11,758,0.001
11,759,0.001
11,760,0
11,761,0
11,762,-0.001
11,763,0.001
11,764,0.002
11,765,0
11,766,0
11,767,0.001
11,768,0
11,769,-0.002
11,770,-0.001
11,771,0
11,772,0.001
11,773,-0.001
11,774,-0.002
11,775,-0.004
11,776,0.002
11,777,0.003
11,778,-0.001
11,779,-0.005
11,780,-0.002
11,781,0.001
11,782,0
11,783,0
11,784,0.001
11,785,0.002
11,786,0.002
11,787,0.003
11,788,0.002
11,789,0.001
11,790,0
11,791,-0.004
11,792,-0.005
11,793,-0.002
11,794,0.003
11,795,0.002
11,796,-0.003
11,797,-0.003
11,798,-0.001
11,799,0.002
11,800,0.003
11,801,0.001
11,802,0.003
11,803,0.002
11,804,0.002
11,805,-0.002
11,806,0.001
11,807,-0.001
11,808,-0.004
11,809,-0.005
11,810,-0.002
11,811,-0.002
11,812,-0.001
11,813,0.001
11,814,0.002
11,815,0.004
11,816,0.003
11,817,0.005
11,818,0.003
11,819,0.004
11,820,-0.001
11,821,-0.002
11,822,0
11,823,0.001
11,824,0
11,825,0.003
11,826,0.004
11,827,0.005
11,828,0.003
11,829,0.004
11,830,0.003
11,831,0.004
11,832,0.003
11,833,0.005
11,834,0.005
11,835,0.004
11,836,0.001
11,837,0.005
11,838,0.002
11,839,-0.008
11,840,-0.006
12,190,0.417
12,191,0.297
12,192,-0.051
12,193,-0.382
12,194,-0.635
12,195,-0.479
12,196,-0.203
12,197,-0.145
12,198,-0.223
12,199,-0.338
12,200,-0.531
12,201,-0.37
12,202,-0.458
12,203,-0.238
12,204,0.016
12,205,-0.361
12,206,-0.559
12,207,-0.393
12,208,0.211
12,209,0.848
12,210,0.652
12,211,0.077
12,212,-0.291
12,213,-0.241
12,214,0.086
12,215,0.196
12,216,0.09
12,217,-0.065
12,218,-0.033
12,219,0.08
12,220,0.189
12,221,0.187
12,222,0.184
12,223,0.178
12,224,0.178
12,225,0.187
12,226,0.191
12,227,0.19
12,228,0.187
12,229,0.187
12,230,0.184
12,231,0.18
12,232,0.176
12,233,0.174
12,234,0.172
12,235,0.169
12,236,0.165
12,237,0.161
12,238,0.158
12,239,0.156
12,240,0.154
12,241,0.152
12,242,0.152
12,243,0.152
12,244,0.151
12,245,0.148
12,246,0.148
12,247,0.15
12,248,0.149
12,249,0.147
12,250,0.145
12,251,0.143
12,252,0.141
12,253,0.138
12,254,0.136
12,255,0.135
12,256,0.135
12,257,0.135
12,258,0.134
12,259,0.135
12,260,0.135
12,261,0.134
12,262,0.132
12,263,0.13
12,264,0.129
12,265,0.127
12,266,0.126
12,267,0.124
12,268,0.123
12,269,0.121
12,270,0.121
12,271,0.121
12,272,0.12
12,273,0.118
12,274,0.117
12,275,0.116
12,276,0.113
12,277,0.112
12,278,0.11
12,279,0.109
12,280,0.107
12,281,0.105
12,282,0.103
12,283,0.101
12,284,0.1
12,285,0.099
12,286,0.097
12,287,0.095
12,288,0.094
12,289,0.093
12,290,0.091
12,291,0.089
12,292,0.088
12,293,0.088
12,294,0.087
12,295,0.086
12,296,0.084
12,297,0.084
12,298,0.082
12,299,0.08
12,300,0.078
12,301,0.077
12,302,0.076
12,303,0.075
12,304,0.075
12,305,0.074
12,306,0.072
12,307,0.07
12,308,0.069
12,309,0.069
12,310,0.069
12,311,0.067
12,312,0.066
12,313,0.065
12,314,0.064
12,315,0.063
12,316,0.062
12,317,0.062
12,318,0.061
12,319,0.059
12,320,0.057
12,321,0.057
12,322,0.057
12,323,0.057
12,324,0.056
12,325,0.055
12,326,0.054
12,327,0.053
12,328,0.052
12,329,0.052
12,330,0.05
12,331,0.049
12,332,0.048
12,333,0.048
12,334,0.048
12,335,0.048
12,336,0.046
12,337,0.045
12,338,0.045
12,339,0.044
12,340,0.045
12,341,0.044
12,342,0.043
12,343,0.042
12,344,0.041
12,345,0.04
12,346,0.04
12,347,0.039
12,348,0.039
12,349,0.039
12,350,0.038
12,351,0.037
12,352,0.036
12,353,0.035
12,354,0.036
12,355,0.035
12,356,0.035
12,357,0.035
12,358,0.034
12,359,0.034
12,360,0.033
12,361,0.033
12,362,0.032
12,363,0.032
12,364,0.031
12,365,0.031
12,366,0.031
12,367,0.03
12,368,0.029
12,369,0.028
12,370,0.027
12,371,0.028
12,372,0.027
12,373,0.027
12,374,0.027
12,375,0.026
12,376,0.026
12,377,0.025
12,378,0.025
12,379,0.024
12,380,0.024
12,381,0.023
12,382,0.022
12,383,0.022
12,384,0.022
12,385,0.021
12,386,0.022
12,387,0.023
12,388,0.023
12,389,0.022
12,390,0.021
12,391,0.021
12,392,0.021
12,393,0.02
12,394,0.019
12,395,0.019
12,396,0.019
12,397,0.018
12,398,0.017
12,399,0.017
12,400,0.015
12,401,0.015
12,402,0.016
12,403,0.017
12,404,0.017
12,405,0.017
12,406,0.017
12,407,0.017
12,408,0.016
12,409,0.015
12,410,0.015
12,411,0.015
12,412,0.015
12,413,0.014
12,414,0.014
12,415,0.015
12,416,0.014
12,417,0.014
12,418,0.014
12,419,0.014
12,420,0.013
12,421,0.013
12,422,0.013
12,423,0.013
12,424,0.012
12,425,0.012
12,426,0.011
12,427,0.011
12,428,0.011
12,429,0.011
12,430,0.012
12,431,0.011
12,432,0.011
12,433,0.011
12,434,0.011
12,435,0.01
12,436,0.01
12,437,0.01
12,438,0.01
12,439,0.009
12,440,0.009
12,441,0.01
12,442,0.009
12,443,0.009
12,444,0.009
12,445,0.009
12,446,0.009
12,447,0.009
12,448,0.009
12,449,0.009
12,450,0.008
12,451,0.008
12,452,0.008
12,453,0.009
12,454,0.008
12,455,0.007
12,456,0.007
12,457,0.007
12,458,0.007
12,459,0.006
12,460,0.006
12,461,0.007
12,462,0.007
12,463,0.007
12,464,0.007
12,465,0.007
12,466,0.007
12,467,0.007
12,468,0.006
12,469,0.006
12,470,0.006
12,471,0.005
12,472,0.006
12,473,0.005
12,474,0.005
12,475,0.005
12,476,0.004
12,477,0.005
12,478,0.005
12,479,0.006
12,480,0.005
12,481,0.005
12,482,0.004
12,483,0.005
12,484,0.005
12,485,0.006
12,486,0.005
12,487,0.005
12,488,0.005
12,489,0.005
12,490,0.004
12,491,0.004
12,492,0.004
12,493,0.004
12,494,0.004
12,495,0.004
12,496,0.004
12,497,0.004
12,498,0.004
12,499,0.005
12,500,0.004
12,501,0.003
12,502,0.004
12,503,0.004
12,504,0.004
12,505,0.004
12,506,0.003
12,507,0.003
12,508,0.003
12,509,0.003
12,510,0.003
12,511,0.002
12,512,0.003
12,513,0.003
12,514,0.003
12,515,0.002
12,516,0.002
12,517,0.002
12,518,0.003
12,519,0.003
12,520,0.003
12,521,0.002
12,522,0.002
12,523,0.001
12,524,0.002
12,525,0.003
12,526,0.002
12,527,0.002
12,528,0.002
12,529,0.003
12,530,0.003
12,531,0.003
12,532,0.003
12,533,0.002
12,534,0.002
12,535,0.002
12,536,0.003
12,537,0.002
12,538,0.002
12,539,0.002
12,540,0.002
12,541,0.001
12,542,0.001
12,543,0.001
12,544,0.002
12,545,0.001
12,546,0.001
12,547,0
12,548,0.001
12,549,0.002
12,550,0.001
12,551,0
12,552,0
12,553,0
12,554,0.001
12,555,0.001
12,556,0.001
12,557,0
12,558,0.001
12,559,0.001
12,560,0.001
12,561,0
12,562,0.001
12,563,0.002
12,564,0.002
12,565,0
12,566,0
12,567,-0.002
12,568,-0.001
12,569,-0.001
12,570,0
12,571,0.001
12,572,0
12,573,0
12,574,0
12,575,0
12,576,-0.001
12,577,-0.001
12,578,0
12,579,0.001
12,580,-0.001
12,581,-0.001
12,582,-0.002
12,583,-0.001
12,584,0.001
12,585,0
12,586,0
12,587,0
12,588,0
12,589,0.001
12,590,0
12,591,0
12,592,-0.001
12,593,0
12,594,0
12,595,-0.001
12,596,0
12,597,0
12,598,0.001
12,599,-0.001
12,600,-0.002
12,601,-0.001
12,602,0
12,603,-0.001
12,604,0
12,605,0
12,606,0
12,607,0.001
12,608,0.002
12,609,0.002
12,610,0
12,611,0
12,612,-0.001
12,613,-0.001
12,614,0
12,615,0
12,616,0
12,617,-0.001
12,618,-0.001
12,619,-0.001
12,620,-0.001
12,621,-0.001
12,622,-0.001
12,623,0
12,624,0
12,625,-0.001
12,626,-0.001
12,627,-0.001
12,628,-0.001
12,629,-0.001
12,630,-0.001
12,631,-0.002
12,632,-0.001
12,633,0
12,634,0
12,635,-0.001
12,636,-0.001
12,637,-0.002
12,638,-0.001
12,639,0
12,640,0.001
12,641,0
12,642,0
12,643,0
12,644,0
12,645,-0.001
12,646,-0.001
12,647,-0.002
12,648,-0.002
12,649,-0.002
12,650,-0.002
12,651,-0.002
12,652,0
12,653,-0.001
12,654,-0.001
12,655,-0.001
12,656,-0.002
12,657,-0.002
12,658,-0.002
12,659,-0.001
12,660,-0.001
12,661,-0.002
12,662,-0.002
12,663,-0.001
12,664,0
12,665,-0.001
12,666,-0.002
12,667,-0.002
12,668,-0.002
12,669,-0.002
12,670,-0.002
12,671,-0.001
12,672,-0.002
12,673,-0.001
12,674,0
12,675,0
12,676,-0.001
12,677,-0.001
12,678,-0.001
12,679,0
12,680,-0.001
12,681,-0.001
12,682,-0.001
12,683,-0.003
12,684,-0.003
12,685,-0.002
12,686,-0.001
12,687,-0.002
12,688,-0.003
12,689,-0.001
12,690,-0.001
12,691,-0.002
12,692,-0.001
12,693,-0.001
12,694,-0.001
12,695,-0.002
12,696,0
12,697,0.001
12,698,0.001
12,699,-0.001
12,700,-0.001
12,701,-0.002
12,702,-0.003
12,703,-0.002
12,704,-0.001
12,705,0
12,706,0.002
12,707,0.002
12,708,0
12,709,-0.002
12,710,-0.002
12,711,-0.001
12,712,-0.001
12,713,-0.002
12,714,-0.003
12,715,-0.003
12,716,-0.002
12,717,-0.001
12,718,-0.001
12,719,0
12,720,0
12,721,-0.001
12,722,-0.003
12,723,-0.004
12,724,-0.002
12,725,-0.002
12,726,-0.002
12,727,-0.001
12,728,-0.001
12,729,-0.003
12,730,-0.003
12,731,-0.002
12,732,-0.002
12,733,-0.001
12,734,-0.002
12,735,-0.002
12,736,-0.001
12,737,0
12,738,-0.001
12,739,-0.003
12,740,-0.001
12,741,0
12,742,-0.003
12,743,-0.006
12,744,-0.002
12,745,0
12,746,0.001
12,747,0
12,748,-0.001
12,749,-0.002
12,750,0
12,751,-0.001
12,752,0.001
12,753,0.001
12,754,-0.001
12,755,-0.001
12,756,0
12,757,-0.001
12,758,-0.002
12,759,-0.001
12,760,-0.002
12,761,-0.003
12,762,-0.003
12,763,-0.002
12,764,-0.002
12,765,-0.003
12,766,-0.003
12,767,-0.001
12,768,-0.002
12,769,-0.006
12,770,-0.005
12,771,-0.004
12,772,-0.003
12,773,-0.004
12,774,-0.004
12,775,-0.006
12,776,-0.002
12,777,0
12,778,-0.002
12,779,-0.006
12,780,-0.004
12,781,0
12,782,-0.001
12,783,-0.001
12,784,0.001
12,785,0.004
12,786,0.001
12,787,-0.001
12,788,-0.002
12,789,-0.002
12,790,-0.003
12,791,-0.005
12,792,-0.007
12,793,-0.002
12,794,0.001
12,795,0
12,796,-0.007
12,797,-0.005
12,798,-0.001
12,799,0.005
12,800,0.003
12,801,0
12,802,0.001
12,803,0.004
12,804,0.003
12,805,-0.001
12,806,-0.003
12,807,-0.003
12,808,-0.003
12,809,-0.001
12,810,-0.002
12,811,-0.004
12,812,-0.004
12,813,0
12,814,0
12,815,0.002
12,816,0
12,817,0.002
12,818,0
12,819,-0.001
12,820,-0.002
12,821,-0.001
12,822,-0.001
12,823,-0.001
12,824,-0.002
12,825,-0.001
12,826,0
12,827,0.002
12,828,0.001
12,829,0.002
12,830,0
12,831,0
12,832,0
12,833,0.004
12,834,0.002
12,835,0
12,836,-0.001
12,837,0.003
12,838,-0.002
12,839,-0.009
12,840,-0.007
